Wort Deutsch;Wort Pinyin ;Wortart;Satz Pinyin;Satz Deutsch;Wort Hanyu;Satz Hanyu;ID;Lektion
* Lektion 0;*Lektion 0;* Lektion 0;*Lektion 0;*Lektion 0;*Lektion 0;*Lektion 0;L00-1-00;L00
öffnen;dǎkāi;Verb;qǐng dǎkāi shū.;Bitte öffnen Sie das Buch.;打开;请打开书。;L00-1-01;L00
sprechen (vorlesen);niàn;Verb;gēn wǒ niàn.;Sprechen Sie mir nach.;念;跟我念。;L00-1-02;L00
Text / Lektionstext;kè wén;Subst.;qǐng niàn kè wén.;Lesen Sie den Text.;课文;请念课文。;L00-1-03;L00
Vokabel;shēng cí;Subst.;qǐng niàn shēng cí.;Lesen Sie die neuen Vokabeln.;生词;请念生词。;L00-1-04;L00
hören;tīng;Verb;qǐng tīng.;Hören Sie.;听;请听。;L00-1-05;L00
schreiben;xiě;Verb;qǐng xiě.;Schreiben Sie.;写;请写。;L00-1-06;L00
sprechen (reden);shuō;Verb;qǐng gēn tóng xué shuō.;Bitte sprechen Sie mit einem Mitschüler.;说;请跟同学说。;L00-1-07;L00
Bitte machen Sie die Übung.;liàn xí;Subst. / Verb / Satz;qǐng zuò liàn xí.;Bitte machen Sie die Übung.;练习;请做练习。;L00-1-08;L00
Aussprache;fā yīn;Subst.;Qǐng zhùyì fāyīn.;Bitte achten Sie auf die Aussprache (Ton/Phonologie).;发音;请注意发音。;L00-1-09;L00
Verstehen Sie das?;dǒng;Satz;dǒng bù dǒng?;Verstehen Sie das?;懂;懂不懂?;L00-1-10;L00
verstehen;dǒng;Verb;dǒng le.;Ja, ich verstehe.;懂;懂了。;L00-1-11;L00
verstehe nicht;bù dǒng;Satz;bù dǒng.;Nein, ich verstehe nicht.;不懂;不懂。;L00-1-12;L00
noch einmal;yí biàn;Adverb / Satz;qǐng zài shuō yī biàn.;Bitte sagen Sie es noch einmal.;一遍;请再说一遍。;L00-1-13;L00
langsam;màn man;Adverb;qǐng màn màn shuō.;Bitte sprechen Sie langsam.;慢慢;请慢慢说。;L00-1-14;L00
Ton / Klang / Laut / Tonhöhe;shēng / shēng diào;Subst.;"""máng"" shì dì jǐ shēng?";"Welchen Ton hat ""mang""?";声/ 声调;“忙”是第几声?;L00-1-15;L00
Schriftzeichen;zì;Subst.;Nín néng xiě chū nàgè zì ma?;Können Sie das Zeichen schreiben?;字;您能写出那个字吗？;L00-1-16;L00
Pinyin;pīnyīn;Subst.;Nín néng xiě chū pīnyīn ma?;Können Sie die Pinyin schreiben?;拼音;您能写出拼音吗？;L00-1-17;L00
Bedeutung;yìsi;Subst.;zhè shì shén me yìsi?;Was bedeutet das?;意思;这是什么意思?;L00-1-18;L00
Satz;jù zi;Subst.;qǐng jiě shì zhè ge jù zi.;Bitte erklären Sie diesen Satz.;句子;请解释这个句子。;L00-1-19;L00
Schriftzeichen;zì;Subst.;qǐng jiě shì zhè ge zì.;Bitte erklären Sie dieses Schriftzeichen.;字;请解释这个字。;L00-1-20;L00
richtig;duì;Adjektiv;duì bù duì?;Ist  das richtig? Stimmt das?;对;对不对?;L00-1-21;L00
Ja, richtig.;duì;Satz;duì.;Ja, richtig. ;对;对;L00-1-22;L00
Nein, nicht richtig.;bù duì;Satz;bù duì.;Nein, nicht richtig.;不对;不对;L00-1-23;L00
sagen;shuō;Verb;wǒ shuō de duì ma?;Habe ich das richtig gesagt?;说;我说得对吗？;L00-1-24;L00
schreiben;xiě;Verb;wǒ xiě de duì ma?;Habe ich das richtig geschrieben?;写;我写得对吗？;L00-1-25;L00
Frage;wèn tí;Subst.;Lǎoshī, wǒ yǒu yī gè wèntí.;Lehrer, ich habe eine Frage.;问题;老师，我有一个问题。;L00-1-28;L00
Grammatik;yǔ fǎ;Subst.;Zhè shì yǔfǎ.;Das ist Grammatik.;语法;这是语法。;L00-1-29;L00
* Lektion 1;*Lektion 1;* Lektion 1;*Lektion 1;*Lektion 1;*Lektion 1;*Lektion 1;L01-1-00;L01
nicht, nein;bù;Adverb;Wǒ bù hěn hǎo.;Mir geht es nicht so gut.;不;我不太好。;L01-1-01;L01
hungrig;è;Adjektiv;Wǒ hěn è.;Ich bin sehr hungrig.;饿; 我很高兴见到你。;L01-1-02;L01
gut;hǎo;Adjektiv;Wǒ hěn hǎo.;Mir geht es sehr gut.;好;我很好。;L01-1-03;L01
sehr;hěn;Adverb;Wǒ hěn gāoxìng jiàn dào nǐ.;Es freut mich sehr dich zu sehen.;很;我很高兴见到你。;L01-1-04;L01
durstig;kě;Adjektiv;Tā hěn kě.;Sie ist sehr durstig.;渴;她很渴。;L01-1-05;L01
erschöpft, müde;lèi;Adjektiv;Wǒ hěn lèi.;Ich bin sehr müde.;累;我很累。;L01-1-06;L01
 Lǐ Lì; Lǐ Lì;Name;Lǐ lì shì zhōngguórén.;Lily ist Chinesein.;李莉;丽丽是中国人。;L01-1-07;L01
Fragepartikel;ma;Partikel;Nǐ hǎo ma?;Geht es dir gut?;吗;你好吗？;L01-1-08;L01
Es geht so.;mǎmǎhūhū;Adjektiv;Wǒ de Hànyǔ mǎmǎhūhū.;Mein Chinesisch ist durchschnittlich.;马马虎虎;我的汉语马马虎虎。;L01-1-09;L01
beschäftigt sein, viel zu tun haben;máng;Adjektiv;Wǒ hěn máng.;Ich bin sehr beschäftigt.;忙;我很忙。;L01-1-10;L01
Fragepartikel, Interrogativpartikel;ne;Partikel;Nǐ ne?;Und du?;呢;你呢？;L01-1-11;L01
du, dich, dir, (dein);nǐ;Pronomen;Nǐ shì zhōngguórén ma?;Bist du Chinese?;你;你是中国人吗？;L01-1-12;L01
Sie, Ihnen;nín;Pronomen;Nín guì xìng?;Wie ist Ihr Nachname?;您;您贵姓？;L01-1-13;L01
ich, mich, mir, (mein);wǒ;Pronomen;Wǒ shì xuéshēng.;Ich bin Student.;我;我是学生。;L01-1-14;L01
Johann;Yuēhàn;Name;Yuēhàn shì měiguórén.;Johann ist Amerikaner.;约翰;约翰是美国人。;L01-1-15;L01
Auf Wiedersehen!;zàijiàn;Phrase;Zàijiàn!;Auf Wiedersehen!;再见;再见！;L01-1-16;L01
* Lektion 1 Dialoge;*Lektion 1 Dialoge;* Lektion 1 Dialoge;*Lektion 1 Dialoge;*Lektion 1 Dialoge;*Lektion 1 Dialoge;*Lektion 1 Dialoge;LD01-1-00;LD0
Guten Tag!;Nǐ hǎo!;;Nǐ hǎo!;Guten Tag!;你好！;你好！;LD01-1-01;LD0
Guten Tag!;Nǐ hǎo!;;Nǐ hǎo!;Guten Tag!;你好！;你好！;LD01-1-02;LD0
Wie geht es Ihnen?;Nǐ hǎo ma?;;Nǐ hǎo ma?;Wie geht es Ihnen?;你好吗？;你好吗？;LD01-1-03;LD0
Mir geht es gut, und Ihnen?;Wǒ hěn hǎo, nǐ ne?;;Wǒ hěn hǎo, nǐ ne?;Mir geht es gut, und Ihnen?;我很好，你呢？;我很好，你呢？;LD01-1-04;LD0
Es geht so.;Mǎmǎ-hūhū;;Mǎmǎ-hūhū;Es geht so.;马马虎虎;马马虎虎;LD01-1-05;LD0
Auf Wiedersehen.;Zàijiàn.;;Zàijiàn.;Auf Wiedersehen.;再见。;再见。;LD01-1-06;LD0
Auf Wiedersehen.;Zàijiàn.;;Zàijiàn.;Auf Wiedersehen.;再见。;再见。;LD01-1-07;LD0
Wie geht es Ihnen?;Nǐ hǎo ma?;;Nǐ hǎo ma?;Wie geht es Ihnen?;你好吗？;你好吗？;LD01-1-08;LD0
Es geht so.;Mǎmǎ-hūhū;;Mǎmǎ-hūhū;Es geht so.;马马虎虎;马马虎虎;LD01-1-09;LD0
Mir geht es gut.;Wǒ hěn hǎo.;;Wǒ hěn hǎo.;Mir geht es gut.;我很好。;我很好。;LD01-1-10;LD0
Ich habe Hunger.;Wǒ hěn è.;;Wǒ hěn è.;Ich habe Hunger.;我很饿。;我很饿。;LD01-1-11;LD0
Ich bin durstig.;Wǒ hěn kě.;;Wǒ hěn kě.;Ich bin durstig.;我很渴。;我很渴。;LD01-1-12;LD0
Ich bin nicht durstig.;Wǒ bù kě.;;Wǒ bù kě.;Ich bin nicht durstig.;我不渴。;我不渴。;LD01-1-13;LD0
Bist du durstig?;Nǐ kě ma?;;Nǐ kě ma?;Bist du durstig?;你渴吗？;你渴吗？;LD01-1-14;LD0
Ich bin beschäftigt.;Wǒ hěn mǎng.;;Wǒ hěn mǎng.;Ich bin beschäftigt.;我很忙。;我很忙。;LD01-1-15;LD0
Ich bin nicht beschäftigt.;Wǒ bù mǎng.;;Wǒ bù mǎng.;Ich bin nicht beschäftigt.;我不忙。;我不忙。;LD01-1-16;LD0
Bist du beschäftigt?;Nǐ mǎng ma?;;Nǐ mǎng ma?;Bist du beschäftigt?;你忙吗？;你忙吗？;LD01-1-17;LD0
* Lektion 2;*Lektion 2;* Lektion 2;*Lektion 2;*Lektion 2;*Lektion 2;*Lektion 2;L02-1-00;L02
er, sie, es;tā;Pronomen;Tā shì wǒ de péngyou.;Er ist mein Freund.;他;他是我的朋友。;L02-1-01;L02
heißen, rufen, nennen;jiào;Verb;Wǒ jiào Lǐ Míng.;Mein Name ist Ming Li.;叫;我叫李明。;L02-1-02;L02
"Herr; Ehemann";xiānshēng;Subst.;Zhè shì Dèng xiānshēng de míngpiàn.;Dies ist die Visitenkarte von Herrn Deng.;先生;这是邓先生的名片。;L02-1-03;L02
Ingenieur(in);gōngchéngshī;Subst.;Tā shì gōngchéngshī.;Er ist Ingenieur.;工程师;他是工程师。;L02-1-04;L02
kennen lernen, kennen;rènshi;Verb;Wǒ rènshi tā.;Ich kenne ihn/sie.;认识;我认识他。;L02-1-05;L02
mal kurz;yīxià;Partikel;Wǒ lái jièshào yīxià, zhè shì Wáng Lǐ.;Lassen Sie mich Ihnen Wang Li vorstellen.;一下;我来介绍一下，这是王李。;L02-1-06;L02
Pluralendung;men;Suffix;Wǒmen shì xuésheng.;Wir sind Studenten.;们;我们是学生。;L02-1-07;L02
Schüler(in);xuésheng;Subst.;Tā shì xuésheng.;Er ist Student.;学生;他是学生。;L02-1-08;L02
sein;shì;Verb;Tā shì zhōngguórén.;Er ist Chinese.;是;他是中国人。;L02-1-09;L02
Sekretär(in);mìshū;Subst.;Tā shì wǒmen de mìshū.;Sie ist unsere Sekretärin.;秘书;她是我们的秘书。;L02-1-10;L02
sich freuen, freudig, froh;gāoxìng;Adjektiv;Hěn gāoxìng rènshi nǐ.;Schön, dich kennenzulernen.;高兴;很高兴认识你。;L02-1-11;L02
teuer, wertvoll;guì;Adjektiv;Zhèlǐ hěn guì. / Zhè shū hěn guì.;Es ist teuer hier. / Das Buch ist sehr teuer;贵;这里很贵。;L02-1-12;L02
was, was für (ein);shénme;Fragewort;nǐ jiào shénme? / Nǐ shénme shíhòu lái de?;Wie heißt du? / Wann bist du gekommen?;什么;你什么时候来的？;L02-1-13;L02
Visitenkarte;míngpiàn;Subst.;Nǐ yǒu míngpiàn ma?;Haben Sie eine Visitenkarte?;名片;你有名片吗？;L02-1-14;L02
vorstellen, empfehlen, sich/jn. Vorstellen;jièshào;Verb;Wǒ lái jièshào yīxià, zhè shì Wáng Lǐ.;Ich möchte Ihnen Wang Li vorstellen.;介绍;我来介绍一下，这是王李。;L02-1-15;L02
Attributpartikel;de;Partikel;Zhè shì wǒ de míngpiàn.;Dies ist meine Visitenkarte.;的;这是我的名片。;L02-2-01;L02
auch;yě;Adverb;Wǒ yě bù zhīdào.;Ich weiß es auch nicht.;也;我也不知道。;L02-2-02;L02
Danke;xièxiè;Phrase;Xièxiè nǐ de bāngzhù.;Danke für deine Hilfe.;谢谢;谢谢你的帮助。;L02-2-03;L02
das hier, dieser, dieses, das;zhè;Pronomen;Zhè shì shéi de diànhuà?;Wessen Telefon ist das?;这;这是谁的电话？;L02-2-04;L02
"Entschuldigung; Darf ich fragen...";qǐngwèn;Phrase;Qǐngwèn, nǐ jiào shénme míngzi?;Entschuldigung, wie ist Ihr Name?;请问;请问，你叫什么名字？;L02-2-05;L02
Deng Xiaoming;Dèng xiǎomíng;Name;Dèng xiǎomíng shì wǒ de lǎoshī.;Herr Deng ist mein Lehrer.;邓小明;邓小明是我的老师。;L02-2-06;L02
Freund;péngyou;Subst.;Wǒ de péngyou jiào Wáng Lǐ.;Mein Freund heißt Wang Li.;朋友;我的朋友叫王李。;L02-2-07;L02
heißen;xìng;Verb;Nǐ xìng shénme?;Wie ist Ihr Nachname?;姓;你姓什么？;L02-2-08;L02
ihr, euch;nǐmen;Pronomen;Nǐmen shì nǎ guó rén?;Woher kommt ihr?;你们;你们是哪国人？;L02-2-09;L02
Lehrer(in);lǎoshī;Subst.;Lǎoshī, wǒ yǒu yī gè wèntí.;Lehrer, ich habe eine Frage.;老师;老师，我有一个问题。;L02-2-10;L02
Name;míngzì;Subst.;Nǐ de míngzì shì shénme?;Wie ist dein Name?;名字;你的名字是什么？;L02-2-11;L02
sie, er, es;tā;Pronomen;Tā shì wǒ de péngyou.;Sie ist meine Freundin.;她;她是我的朋友。;L02-2-12;L02
Wang Gang;Wánggāng;Name;Wǒmen de mìshū jiào Wánggāng.;Unser Sekretär heißt Wang Gang.;王刚;我们的秘书叫王刚。;L02-2-13;L02
wir;wǒmen;Pronomen;Wǒmen shì péngyou.;Wir sind Freunde.;我们;我们是朋友。;L02-2-14;L02
* Lektion 2 Dialoge;*Lektion 2 Dialoge;* Lektion 2 Dialoge;*Lektion 2 Dialoge;*Lektion 2 Dialoge;*Lektion 2 Dialoge;*Lektion 2 Dialoge;LD02-1-00;LD0
Entschuldigung, wie ist Ihr Name?;Qǐng wèn, nín jiào shénme míngzì?;;Qǐng wèn, nín jiào shénme míngzì?;Entschuldigung, wie ist Ihr Name?;请问，您叫什么名字？;请问，您叫什么名字？;LD02-1-14;LD0
Mein Familienname ist Li. Ich heiße Li Li.;Wǒ xìng Lǐ, jiào Lǐ Lì.;;Wǒ xìng Lǐ, jiào Lǐ Lì.;Mein Familienname ist Li. Ich heiße Li Li.;我姓李，叫李丽。;我姓李，叫李丽。;LD02-2-14;LD0
Wie ist Ihr werter Name?;Nín guì xìng?;;Nín guì xìng?;Wie ist Ihr werter Name?;您贵姓？;您贵姓？;LD02-1-03;LD0
Mein Familienname ist Müller, ich heiße Johann Müller.;Wǒ xìng Mǐlē, jiào Yuēhàn Mǐlē;;Wǒ xìng Mǐlē, jiào Yuēhàn Mǐlē;Mein Familienname ist Müller, ich heiße Johann Müller.;我姓米勒，叫约翰米勒。;我姓米勒，叫约翰米勒。;LD02-1-04;LD0
Entschuldigung, sind Sie Lehrer?;Duìbuqǐ, nǐ shì lǎoshī ma?;;Duìbuqǐ, nǐ shì lǎoshī ma?;Entschuldigung, sind Sie Lehrer?;对不起，你是老师吗？;对不起，你是老师吗？;LD02-1-05;LD0
Nein, ich bin kein Lehrer, ich bin Ingenieur, sie ist Lehrerin.;Bù, wǒ bù shì lǎoshī, wǒ shì gōngchéngshī, tā shì lǎoshī.;;Bù, wǒ bù shì lǎoshī, wǒ shì gōngchéngshī, tā shì lǎoshī.;Nein, ich bin kein Lehrer, ich bin Ingenieur, sie ist Lehrerin.;不，我不是老师，我是工程师，她是老师。;不，我不是老师，我是工程师，她是老师。;LD02-1-06;LD0
Ja, ich bin Lehrerin, und ihr?;Shì de, wǒ shì lǎoshī, nǐ ne?;;Shì de, wǒ shì lǎoshī, nǐ ne?;Ja, ich bin Lehrerin, und ihr?;是的，我是老师，你呢？;是的，我是老师，你呢？;LD02-1-07;LD0
Ich bin Sekretärin.;Wǒ shì mìshū.;;Wǒ shì mìshū.;Ich bin Sekretärin.;我是秘书。;我是秘书。;LD02-1-08;LD0
Ich bin Student.;Wǒ shì xuéshēng.;;Wǒ shì xuéshēng.;Ich bin Student.;我是学生。;我是学生。;LD02-1-09;LD0
Johann! Lass mich ihn vorstellen. Er ist mein Freund.;Yuēhàn! Wǒ jièshào yīxià, tā shì wǒ de péngyǒu.;;Yuēhàn! Wǒ jièshào yīxià, tā shì wǒ de péngyǒu.;Johann! Lass mich ihn vorstellen. Er ist mein Freund.;约翰！我介绍一下，他是我的朋友。;约翰！我介绍一下，他是我的朋友。;LD02-1-10;LD0
Wang Gāng, sie ist meine Lehrerin.;Wáng Gāng, tā shì wǒ de lǎoshī.;;Wáng Gāng, tā shì wǒ de lǎoshī.;Wang Gāng, sie ist meine Lehrerin.;王刚，她是我的老师。;王刚，她是我的老师。;LD02-1-11;LD0
Hallo zusammen, ich heiße Johann Müller.;Nǐmen hǎo, wǒ jiào Yuēhàn Mǐlē.;;Nǐmen hǎo, wǒ jiào Yuēhàn Mǐlē.;Hallo zusammen, ich heiße Johann Müller.;你们好，我叫约翰米勒。;你们好，我叫约翰米勒。;LD02-1-12;LD0
Mein Familienname ist Dèng, ich heiße Dèng xiǎomíng.;Wǒ xìng Dèng, jiào Dèng xiǎomíng;;Wǒ xìng Dèng, jiào Dèng xiǎomíng;Mein Familienname ist Dèng, ich heiße Dèng xiǎomíng.;我姓邓，叫邓小明。;我姓邓，叫邓小明。;LD02-1-13;LD0
Ich freue mich, Sie kennenzulernen.;Rènshi nǐmen, wǒ hěn gāoxìng;;Rènshi nǐmen, wǒ hěn gāoxìng;Ich freue mich, Sie kennenzulernen.;认识你们，我很高兴。;认识你们，我很高兴。;LD02-1-14;LD0
Wir freuen uns auch, Sie kennenzulernen.;Wǒmen yě hěn gāoxìng rènshi nǐ.;;Wǒmen yě hěn gāoxìng rènshi nǐ.;Wir freuen uns auch, Sie kennenzulernen.;我们也很高兴认识你。;我们也很高兴认识你。;LD02-1-15;LD0
Herr Müller, hier ist meine Visitenkarte.;Mǐlē xiānsheng, zhè shì wǒ de míngpiàn.;;Mǐlē xiānsheng, zhè shì wǒ de míngpiàn.;Herr Müller, hier ist meine Visitenkarte.;米勒先生，这是我的名片。;米勒先生，这是我的名片。;LD02-1-16;LD0
Vielen Dank! Lehrerin Deng, das ist meine Visitenkarte.;Xièxiè! Dèng lǎoshī, zhè shì wǒ de míngpiàn.;;Xièxiè! Dèng lǎoshī, zhè shì wǒ de míngpiàn.;Vielen Dank! Lehrerin Deng, das ist meine Visitenkarte.;谢谢！邓老师，这是我的名片。;谢谢！邓老师，这是我的名片。;LD02-1-17;LD0
Mein Familienname ist Wang, mein Name ist Wang Gang.;Wǒ xìng Wáng, wǒ jiào Wáng Gāng.;;Wǒ xìng Wáng, wǒ jiào Wáng Gāng.;Mein Familienname ist Wang, mein Name ist Wang Gang.;我姓王，我叫王刚。;我姓王，我叫王刚。;LD02-1-18;LD0
Ich bin Schüler/-in oder Student/-in.;Wǒ shì xuéshēng.;;Wǒ shì xuéshēng.;Ich bin Schüler/-in oder Student/-in.;我是学生。;我是学生。;LD02-1-19;LD0
Er ist nicht Lehrer.;Tā bù shì lǎoshī.;;Tā bù shì lǎoshī.;Er ist nicht Lehrer.;他不是老师。;他不是老师。;LD02-1-20;LD0
Das ist mein/-e Freund/-in.;Zhè shì wǒ de nǚ péngyǒu.;;Zhè shì wǒ de nǚ péngyǒu.;Das ist mein/-e Freund/-in.;这是我的女朋友。;这是我的女朋友。;LD02-1-21;LD0
Dich kennen zu lernen, freut mich sehr.;Wèile rènshi nǐ, wǒ hěn gāoxìng;;Wèile rènshi nǐ, wǒ hěn gāoxìng;Dich kennen zu lernen, freut mich sehr.;为了认识你，我很高兴。;为了认识你，我很高兴。;LD02-1-22;LD0
Danke!;Xièxiè!;;Xièxiè!;Danke!;谢谢！;谢谢！;LD02-1-23;LD0
Danke!;Xièxiè!;;Xièxiè!;Danke!;谢谢！;谢谢！;LD02-1-24;LD0
* Lektion 3;*Lektion 3;* Lektion 3;*Lektion 3;*Lektion 3;*Lektion 3;*Lektion 3;L03-1-00;L03
Österreich;Àodìlì;Subst.;Wǒ xiǎng qù Àodìlì.;Ich möchte nach Österreich gehen.;奥地利;我想去奥地利。;L03-1-01;L03
Peking;Běijīng;Subst.;Wǒ zài Běijīng dāng lǎoshī.;Ich arbeite als Lehrer in Peking.;北京;我在北京当老师。;L03-1-02;L03
Belgien;Bǐlìshí;Eigenname;Wǒ xiǎng qù Bǐlìshí.;Ich möchte nach Belgien gehen.;比利时;我想去比利时。;L03-1-03;L03
Berlin;Bólín;Subst.;Wǒ zài Bólín xuéxí.;Ich studiere in Berlin.;柏林;我在柏林学习。;L03-1-04;L03
aus;cóng;Präposition;Tā cóng Běijīng lái.;Er kommt aus Peking.;从;他从北京来。;L03-1-05;L03
Universität;dàxué;Subst.;Tā zài dàxué xuéxí.;Er studiert an der Universität.;大学;他在大学学习。;L03-1-06;L03
Volkswagen;Dàzhòng Gōngsī;Subst.;Wǒ zài Dàzhòng Gōngsī gōngzuò.;Ich arbeite bei Volkswagen.;大众公司;我工作在大众公司。;L03-1-07;L03
Firma VW;Dàzhòng Gōngsī;Subst.;Wǒ zài Dàzhòng Gōngsī gōngzuò.;Ich arbeite bei Volkswagen.;大众公司;我工作在大众公司。;L03-1-08;L03
Deutschland;Déguó;Subst.;Wǒ lái zì Déguó.;Ich komme aus Deutschland.;德国;我来自德国。;L03-1-09;L03
Deutsche(r);Déguórén;Subst.;Wǒ péngyou shì Déguórén.;Mein Freund ist Deutscher.;德国人;我朋友是德国人。;L03-1-10;L03
Frankreich;Fǎguó;Subst.;Wǒ xiǎng qù Fǎguó lǚxíng.;Ich möchte nach Frankreich reisen.;法国;我想去法国旅行。;L03-1-11;L03
Firma;gōngsī;Subst.;Wǒ de gōngsī zài Běijīng.;Meine Firma ist in Peking.;公司;我的公司在北京。;L03-1-12;L03
arbeiten, Arbeit;gōngzuò;Subst.;Wǒ zài gōngsī gōngzuò.;Ich arbeite in einer Firma.;工作;我在公司工作。;L03-1-13;L03
Land;guó;Subst.;Zhōngguó shì yí ge dà guó.;China ist ein großes Land.;国;中国是一个大国。;L03-1-14;L03
Chinesisch;Hànyǔ;Subst.;Wǒ zài xuéxí Hànyǔ.;Ich lerne Chinesisch.;汉语;我在学习汉语。;L03-1-15;L03
und;hé;Konjunktion;Wǒ hé tā shì péngyou.;Ich und er sind Freunde.;和;我和他是朋友。;L03-1-16;L03
können;huì;Modalverb;Wǒ huì shuō Zhōngwén.;Ich kann Chinesisch sprechen.;会;我会说中文。;L03-1-17;L03
kommen;lái;Verb;Wǒ lái zì Měiguó.;Ich komme aus den USA.;来;我来自美国。;L03-1-18;L03
London;Lúndūn;Subst.;Wǒ xiǎng qù Lúndūn.;Ich möchte nach London gehen.;伦敦;我想去伦敦。;L03-1-19;L03
Luxemburg;Lúsēnbǎo;Eigenname;Wǒ xiǎng qù Lúsēnbǎo lǚxíng.;Ich möchte nach Luxemburg reisen.;卢森堡;我想去卢森堡旅行。;L03-1-20;L03
USA;Měiguó;Subst.;Tā cóng Měiguó lái.;Er kommt aus den USA.;美国;他从美国来。;L03-1-21;L03
das dort, jene(r,s);nà;Pronomen;Nà shì shénme?;Was ist das?;那;那是什么？;L03-1-22;L03
welche(r,s)?;nǎ;Pronomen;Nǐ shì nǎ guó rén?;Aus welchem Land kommst du?;哪;你是哪国人？;L03-1-23;L03
Nicht der Rede wert!;nǎlǐ;Pronomen;nǎlǐ, nǎlǐ.;Nicht der Rede wert!;哪里;哪里, 哪里。;L03-1-24;L03
dort;nàr;Adverb;Tā zài nàr.;Sie ist dort.;那儿;她在那儿。;L03-1-25;L03
wo / wohin;nǎr ( nǎlǐ );Adverb;Nǐ xiǎng qù nǎr?;Wohin möchtest du gehen?;哪儿;你想去哪儿？;L03-1-26;L03
Mensch;rén;Subst.;Tā shì yí ge hǎo rén.;Er ist eine nette Person.;人;他是一个好人。;L03-1-27;L03
Japan;Rìběn;Subst.;Wǒ xiǎng xuéxí Rìběn huà (=Rìyǔ).;Ich möchte Japanisch lernen.;日本;我想学习日本话。;L03-1-28;L03
Japanisch;Rìyǔ;Subst.;Tā xuéxí Rìyǔ.;Er lernt Japanisch.;日语;他学习日语。;L03-1-29;L03
Schweiz;Ruìshì;Subst.;Ruìshì de jǐngsè hěn měi.;Die Landschaft in der Schweiz ist sehr schön.;瑞士;瑞士的景色很美。;L03-1-30;L03
Shanghai;Shànghǎi;Subst.;Wǒ xiǎng qù Shànghǎi lǚxíng.;Ich möchte nach Shanghai reisen.;上海;我想去上海旅行。;L03-1-31;L03
wer?;shéi;Pronomen;Nǐ shì shéi?;Wer bist du?;谁;你是谁？;L03-1-32;L03
sprechen;shuō;Verb;Tā bù huì shuō Zhōngwén.;Er kann kein Chinesisch sprechen.;说;他不会说中文。;L03-1-33;L03
Mitschüler(in), Kommilitone / Kommilitonin;tóngxué;Subst.;Tā shì wǒ de tóngxué.;Er  ist mein Klassenkamerad.;同学;他是我的同学。;L03-1-34;L03
Spanien;Xībānyá;Subst.;Wǒ xiǎng qù Xībānyá.;Ich möchte nach Spanien gehen.;西班牙;我想去西班牙。;L03-1-35;L03
lernen, studieren, Studium;xuéxí/xué;Verb;Wǒ xiǎng xuéxí Zhōngwén.;Ich möchte Chinesisch lernen.;学习/学;我想学习中文。;L03-1-36;L03
Italien;Yìdàlì;Subst.;Yìdàlì de fàn hěn hào chī.;Italienisches Essen ist sehr lecker.;意大利;意大利的食物很好吃。;L03-1-37;L03
ein bisschen;yīdiǎnr;Adjektiv;Wǒ yǒu yīdiǎnr qián.;Ich habe ein bisschen Geld.;一点儿;我有一点儿钱。;L03-1-38;L03
England;Yīngguó;Subst.;Tā zhù zài Yīngguó.;Sie lebt in England.;英国;她住在英国。;L03-1-39;L03
"sich befinden; in, bei, an, auf";zài;Präposition;Wǒ zài xuéxiào.;Ich bin in der Schule.;在;我在学校。;L03-1-40;L03
hier;zhèr;Adverb;Zhèr hěn piàoliang.;Hier ist es sehr schön.;这儿;这儿很漂亮。;L03-1-41;L03
China;Zhōngguó;Subst.;Wǒ zài Zhōngguó.;Ich bin in China.;中国;我在中国。;L03-1-42;L03
* Lektion 3 Dialoge;*Lektion 3 Dialoge;* Lektion 3 Dialoge;*Lektion 3 Dialoge;*Lektion 3 Dialoge;*Lektion 3 Dialoge;*Lektion 3 Dialoge;LD03-1-00;LD0
Deutschland befindet sich dort.;Déguó zài nàr.;;Déguó zài nàr.;Deutschland befindet sich dort.;德国在那儿。;德国在那儿。;LD03-1-01;LD0
China befindet sich hier.;Zhōngguó zài zhèr.;;Zhōngguó zài zhèr.;China befindet sich hier.;中国在这儿。;中国在这儿。;LD03-1-02;LD0
Wo befinden sich die USA und Japan?;Měiguó hé Rìběn zài nǎr?;;Měiguó hé Rìběn zài nǎr?;Wo befinden sich die USA und Japan?;美国和日本在哪儿？;美国和日本在哪儿？;LD03-1-03;LD0
Das hier sind England und Frankreich.;Zhè shì Yīngguó hé Fǎguó.;;Zhè shì Yīngguó hé Fǎguó.;Das hier sind England und Frankreich.;这是英国和法国。;这是英国和法国。;LD03-1-04;LD0
Das da sind Österreich und die Schweiz.;Nà shì Àodìlì hé Ruìshì.;;Nà shì Àodìlì hé Ruìshì.;Das da sind Österreich und die Schweiz.;那是奥地利和瑞士。;那是奥地利和瑞士。;LD03-1-05;LD0
Wer ist das?;Nà shì shéi?;;Nà shì shéi?;Wer ist das?;那是谁？;那是谁？;LD03-1-06;LD0
Das ist mein Mitschüler.;Nà shì wǒ de tóngxué.;;Nà shì wǒ de tóngxué.;Das ist mein Mitschüler.;那是我的同学。;那是我的同学。;LD03-1-07;LD0
Aus welchem Land kommt er?;Tā shì nǎ guó rén?;;Tā shì nǎ guó rén?;Aus welchem Land kommt er?;他是哪国人？;他是哪国人？;LD03-1-08;LD0
Er ist Deutscher.;Tā shì Déguórén.;;Tā shì Déguórén.;Er ist Deutscher.;他是德国人。;他是德国人。;LD03-1-09;LD0
Kann er Chinesisch sprechen?;Tā huì shuō Hànyǔ ma?;;Tā huì shuō Hànyǔ ma?;Kann er Chinesisch sprechen?;他会说汉语吗？;他会说汉语吗？;LD03-1-10;LD0
Nein. Er kann nicht Chinesisch sprechen, er kann ein bisschen Japanisch sprechen.;Bù, tā bù huì shuō Hànyǔ, tā huì shuō yīdiǎnr Rìyǔ.;;Bù, tā bù huì shuō Hànyǔ, tā huì shuō yīdiǎnr Rìyǔ.;Nein. Er kann nicht Chinesisch sprechen, er kann ein bisschen Japanisch sprechen.;不，他不会说汉语，他会说一点儿日语。;不，他不会说汉语，他会说一点儿日语。;LD03-1-11;LD0
Entschuldigung, woher kommst du?;Qǐng wèn, nǐ cóng nǎr lái?;;Qǐng wèn, nǐ cóng nǎr lái?;Entschuldigung, woher kommst du?;请问，你从哪儿来？;请问，你从哪儿来？;LD03-1-12;LD0
Ich komme aus London, England.;Wǒ cóng Yīngguó Lúndūn lái.;;Wǒ cóng Yīngguó Lúndūn lái.;Ich komme aus London, England.;我从英国伦敦来。;我从英国伦敦来。;LD03-1-13;LD0
Dein Chinesisch ist sehr gut.;Nǐ de Hànyǔ hěn hǎo.;;Nǐ de Hànyǔ hěn hǎo.;Dein Chinesisch ist sehr gut.;你的汉语很好。;你的汉语很好。;LD03-1-14;LD0
Nicht der Rede wert, ich lerne an der Universität Peking Chinesisch.;Nǎlǐ, nǎlǐ, wǒ zài Běijīng Dàxué xué Hànyǔ.;;Nǎlǐ, nǎlǐ, wǒ zài Běijīng Dàxué xué Hànyǔ.;Nicht der Rede wert, ich lerne an der Universität Peking Chinesisch.;哪里，哪里，我在北京大学学汉语。;哪里，哪里，我在北京大学学汉语。;LD03-1-15;LD0
Und du? Wo kommst du her?;Nǐ ne? Nǐ cóng nǎr lái?;;Nǐ ne? Nǐ cóng nǎr lái?;Und du? Wo kommst du her?;你呢？你从哪儿来？;你呢？你从哪儿来？;LD03-1-16;LD0
Ich komme aus Berlin, Deutschland.;Wǒ cóng Déguó Bólín lái.;;Wǒ cóng Déguó Bólín lái.;Ich komme aus Berlin, Deutschland.;我从德国柏林来。;我从德国柏林来。;LD03-1-17;LD0
Ich arbeite bei der Firma VW in Shanghai, China.;Wǒ zài Zhōngguó Shànghǎi Dàzhòng gōngsī gōngzuò.;;Wǒ zài Zhōngguó Shànghǎi Dàzhòng gōngsī gōngzuò.;Ich arbeite bei der Firma VW in Shanghai, China.;我在中国上海大众公司工作。;我在中国上海大众公司工作。;LD03-1-18;LD0
Das ist mein Freund.;Zhè shì wǒ de péngyou.;;Zhè shì wǒ de péngyou.;Das ist mein Freund.;这是我的朋友。;这是我的朋友。;LD03-1-19;LD0
Wer ist das?;Zhè shì shéi?;;Zhè shì shéi?;Wer ist das?;这是谁？;这是谁？;LD03-1-20;LD0
Woher kommt sie?;Tā cóng nǎlǐ lái?;;Tā cóng nǎlǐ lái?;Woher kommt sie?;她从哪里来？;她从哪里来？;LD03-1-21;LD0
Sie kommt aus Deutschland.;Tā cóng Déguó lái.;;Tā cóng Déguó lái.;Sie kommt aus Deutschland.;她从德国来。;她从德国来。;LD03-1-22;LD0
Ich bin Chinese.;Wǒ shì Zhōngguórén.;;Wǒ shì Zhōngguórén.;Ich bin Chinese.;我是中国人。;我是中国人。;LD03-1-23;LD0
Welche Staatsangehörigkeit hast du?;Nǐ shì shénme guójiā de rén?;;Nǐ shì shénme guójiā de rén?;Welche Staatsangehörigkeit hast du?;你是什么国家的人？;你是什么国家的人？;LD03-1-24;LD0
Wo ist Lehrer Deng?;Dèng lǎoshī zài nǎlǐ?;;Dèng lǎoshī zài nǎlǐ?;Wo ist Lehrer Deng?;邓老师在哪里？;邓老师在哪里？;LD03-1-25;LD0
Lehrer Deng befindet sich an der Uni.;Dèng lǎoshī zài dàxué.;;Dèng lǎoshī zài dàxué.;Lehrer Deng befindet sich an der Uni.;邓老师在大学。;邓老师在大学。;LD03-1-26;LD0
Wo ist China?;Zhōngguó zài nǎr?;;Zhōngguó zài nǎr?;Wo ist China?;中国在哪儿？;中国在哪儿？;LD03-1-27;LD0
Peking liegt in China.;Běijīng zài Zhōngguó.;;Běijīng zài Zhōngguó.;Peking liegt in China.;北京在中国。;北京在中国。;LD03-1-28;LD0
Ich kann Englisch sprechen.;Wǒ huì shuō Yīngyǔ.;;Wǒ huì shuō Yīngyǔ.;Ich kann Englisch sprechen.;我会说英语。;我会说英语。;LD03-1-29;LD0
Kommst du aus Peking?;Nǐ cóng Běijīng lái ma?;;Nǐ cóng Běijīng lái ma?;Kommst du aus Peking?;你从北京来吗？;你从北京来吗？;LD03-1-30;LD0
Ich lerne Chinesisch.;Wǒ xuéxí Hànyǔ.;;Wǒ xuéxí Hànyǔ.;Ich lerne Chinesisch.;我学习汉语。;我学习汉语。;LD03-1-31;LD0
Sie arbeitet bei der Firma VW.;Tā zài Dàzhòng gōngzuò.;;Tā zài Dàzhòng gōngzuò.;Sie arbeitet bei der Firma VW.;她在大众工作。;她在大众工作。;LD03-1-32;LD0
* Lektion 4;*Lektion 4;* Lektion 4;*Lektion 4;*Lektion 4;*Lektion 4;*Lektion 4;L04-1-00;L04
Partikel für Vorschlag, Zustimmung;ba;Modalpartikel;Wǒmen zǒu ba.;Lass uns gehen.;吧;我们走吧。;L04-1-01;L04
acht;bā;Zahlwort;Míngtiān wǒ bā diǎn yǒu yuē.;Morgen habe ich um acht Uhr eine Verabredung.;八;明天我八点有约。;L04-1-02;L04
halb;bàn;Adverb;Xiànzài liù diǎn bàn.;Es ist jetzt halb sieben.;半;现在六点半。;L04-1-03;L04
Mal;biàn;Subst.;Zài kàn yí biàn.;Es noch einmal sehen.;遍;再看一遍。;L04-1-04;L04
Keine Ursache!;bù kèqì;Phrase;Nǐ bù yòng xièxie, bù kèqì.;Du brauchst dich nicht zu bedanken.;不客气;你不用谢谢, 不客气。;L04-1-05;L04
aber;dànshì;Konjunktion;Wǒ xiǎng qù, dànshì wǒ méiyǒu shíjiān.;Ich möchte gehen, aber ich habe keine Zeit.;但是;我想去，但是我没有时间。;L04-1-06;L04
warten;děng;Verb;Wǒ zài děng chē.;Ich warte auf den Bus.;等;我在等车。;L04-1-07;L04
Uhr / Uhrzeit;diǎn/diǎnzhōng;Subst.;Xiànzài shì bā diǎnzhōng.;Jetzt ist es acht Uhr.;点/点钟;现在是八点钟。;L04-1-08;L04
Film;diànyǐng;Subst.;Wǒmen kàn diànyǐng.;Wir schauen einen Film.;电影;我们看电影。;L04-1-09;L04
Entschuldigung;duìbuqǐ;Phrase;Duìbuqǐ, wǒ chídào le.;Entschuldigung, ich bin spät dran.;对不起;对不起，我迟到了。;L04-1-10;L04
zwei;èr / liǎng;Zahlwort;liǎng gè rén.;Zwei Personen.;二;两个人;L04-1-11;L04
Minute;fēn/fēnzhōng;Subst.;Yī fēnzhōng yǒu liùshí miǎo.;Eine Minute hat sechzig Sekunden.;分/分钟;一分钟有六十秒。;L04-1-12;L04
"mit (jm.); folgen";gēn;Präposition;Wǒ gēn tā qù kàn diànyǐng.;Ich gehe mit ihr Film schauen.;跟;我跟她去看电影。;L04-1-13;L04
noch;hái;Adverb;Wǒ hái yào yī bēi shuǐ.;Ich möchte noch ein Glas Wasser.;还;我还要一杯水。;L04-1-14;L04
"Tag; Nummer, Größe";hào;Subst.;Jīntiān shì qī yuè shíhào.;Heute ist der 10. Juli.;号;今天是七月十号。;L04-1-15;L04
wie viel?;jǐ;Fragewort;Nǐ yǒu jǐ gè píngguǒ?;Wie viele Äpfel hast du?;几;你有几个苹果？;L04-1-16;L04
heute;jīntiān;Adverb;Jīntiān tiānqì hěn hǎo.;Heute ist das Wetter sehr gut.;今天;今天天气很好。;L04-1-17;L04
neun;jiǔ;Zahlwort;Jiǔ zhī gǒu.;Neun Hunde.;九;九只狗。;L04-1-18;L04
Café;kāfēiguǎn;Subst.;Wǒ zài kāfēiguǎn hē kāfēi.;Ich trinke Kaffee im Café.;咖啡馆;我在咖啡馆喝咖啡。;L04-1-19;L04
"sehen, anschauen; lesen; besuchen";kàn;Verb;Kàn shū.;Ein Buch lesen.;看;看书。;L04-1-20;L04
Viertelstunde;kè/kè zhōng;Subst.;Yī kè zhōng shì shíwǔ fēn.;Eine Viertelstunde sind fünfzehn Minuten.;刻/刻钟;一刻钟是十五分。;L04-1-21;L04
null;líng;Zahlwort;Líng xià .;unten Null Grad.;零;零下。;L04-1-22;L04
sechs;liù;Zahlwort;Liù yuè.;Juni.;六;六月。;L04-1-23;L04
nicht;méi;Adverb;Wǒ méi chīfàn.;Ich habe nicht gegessen.;没;我没吃饭。;L04-1-24;L04
Keine Ursache! Macht nichts!;méiguānxi;Phrase;Méiguānxi, wǒ kěyǐ děng.;Kein Problem, ich kann warten.;没关系;没关系，我可以等。;L04-1-25;L04
"nicht haben; es gibt kein...";méiyǒu;Verb;Tā méiyǒu shū.;Sie hat kein Buch.;没有;她没有书。;L04-1-26;L04
morgen;míngtiān;Adverb;Míngtiān wǒ yào qù Běijīng.;Morgen werde ich nach Peking gehen.;明天;明天我要去北京。;L04-1-27;L04
Jahr;nián;Subst.;Jīnnián shì èr líng èr sì nián.;Dieses Jahr ist 2024.;年;今年是二零二四年。;L04-1-28;L04
Frau;nǚrén;Subst.;Zhège nǚrén hěn hǎo.;Diese Frau ist sehr nett.;女人;这个女人很好。;L04-1-29;L04
hübsch, schön;piàoliang;Adjektiv;Tā hěn piàoliang.;Sie ist sehr hübsch.;漂亮;她很漂亮。;L04-1-30;L04
sieben;qī;Zahlwort;Qī zhǒng yào.;Sieben Arten von Medizin.;七;七种药。;L04-1-31;L04
"bitte...; bitten; einladen";qǐng;Verb;Qǐng nǐ zuò zhèlǐ.;Bitte setzen Sie sich hierher.;请;请你坐这里。;L04-1-32;L04
nach ... gehen, zu ... hin;qù;Verb;Wǒ míngtiān qù Běijīng.;Ich gehe morgen nach Peking.;去;我明天去北京。;L04-1-33;L04
Tag;rì;Subst.;Jīntiān shì shíyuè shísì rì.;Heute ist der 14. Oktober.;日;今天是十月十四日。;L04-1-34;L04
Kalender;rìlì;Subst.;Qǐng kàn rìlì.;Bitte schau auf den Kalender.;日历;请看日历。;L04-1-35;L04
drei;sān;Zahlwort;Sān gè rén.;Drei Personen.;三;三个人。;L04-1-36;L04
Vormittag;shàngwǔ;Subst.;Shàngwǔ wǒ zài bàngōngshì.;Vormittags bin ich im Büro.;上午;上午我在办公室。;L04-1-37;L04
zehn;shí;Zahlwort;Shí fēnzhōng.;Zehn Minuten.;十;十分钟。;L04-1-38;L04
"Zeit; Zeitdauer";shíjiān;Subst.;Wǒ yǒu hěnduō shíjiān.;Ich habe viel Zeit.;时间;我有很多时间。;L04-1-39;L04
Sache, Angelegenheit;shìqíng/shì;Subst.;Tā yǒu hěnduō shìqíng yào zuò.;Er hat viele Dinge zu erledigen.;事情/事;他有很多事情要做。;L04-1-40;L04
vier;sì;Zahlwort;Sì nián.;Vier Jahre.;四;四年。;L04-1-41;L04
Abend;wǎnshàng;Subst.;Wǎnshàng wǒmen qù kàn diànyǐng.;Abends gehen wir ins Kino.;晚上;晚上我们去看电影。;L04-1-42;L04
fünf;wǔ;Zahlwort;Wǔ kuài qián.;Fünf Yuan.;五;五块钱。;L04-1-43;L04
wollen, möchten, vermissen, denken;xiǎng;Verb;Wǒ xiǎng chī zhōngcān.;Ich möchte chinesisches Essen essen.;想;我想吃中餐。;L04-1-44;L04
jetzt;xiànzài;Adverb;Xiànzài wǒ zài xuéxiào.;Ich bin jetzt in der Schule.;现在;现在我在学校。;L04-1-45;L04
Nachmittag;xiàwǔ;Subst.;Xiàwǔ sān diǎn bàn.;Drei Uhr dreißig nachmittags.;下午;下午三点半。;L04-1-46;L04
Woche;xīngqī;Subst.;Xīngqīsān wǒmen jiànmiàn.;Wir treffen uns am Mittwoch.;星期;星期三我们见面。;L04-1-47;L04
Dienstag;Xīngqī èr;Subst.;Xīngqī èr wǒ yào qù kàn yīshēng.;Dienstag habe ich einen Arzttermin.;星期二;星期二我有一个医生约会。;L04-1-48;L04
Samstag;Xīngqī liù;Subst.;Xīngqī liù wǒmen qù páshān.;Samstag gehen wir bergsteigen.;星期六;星期六我们去爬山。;L04-1-49;L04
Mittwoch;xīngqī sān ;Subst.;Nǐ xīngqī sān yǒu kòng ma?;Hast du am Mittwoch Zeit?;星期三;你星期三有空吗？;L04-1-50;L04
Montag;Xīngqī yī;Subst.;Míngtiān shì xīngqī yī.;Morgen ist Montag.;星期一;明天是星期一。;L04-1-51;L04
Sonntag;xīngqī tiān / xīngqīrì;Subst.;Míngtiān shì xīngqī tiān.;Morgen ist Sonntag.;星期天 / 星期日;明天是星期天。;L04-1-52;L04
Donnerstag;xīngqīsì;Subst.;Míngtiān shì xīngqī sì.;Morgen ist Donnerstag.;星期四;明天是星期四。;L04-1-53;L04
Freitag;xīngqīwǔ;Subst.;Míngtiān shì xīngqī wǔ.;Morgen ist Freitag.;星期五;明天是星期五。;L04-1-54;L04
"wollen; müssen";yào;Modalverb;Wǒ yào mǎi zhè ge.;Ich möchte das kaufen.;要;我要买这个。;L04-1-55;L04
eins;yī;Zahlwort;Yī bēi shuǐ.;Ein Glas Wasser.;一;一杯水。;L04-1-56;L04
zusammen;yīqǐ;Adverb;Wǒmen yīqǐ qù.;Wir gehen zusammen.;一起;我们一起去。;L04-1-57;L04
haben, es gibt, besitzen;yǒu;Verb;Tā yǒu yī liàng chē.;Er hat ein Auto.;有;他有一辆车。;L04-1-58;L04
Monat;yuè;Subst.;Xià gè yuè wǒ yào qù Zhōngguó.;Nächsten Monat fahre ich nach China.;月;下个月我要去中国。;L04-1-59;L04
sich verabreden, Verabredung;yuēhuì;Subst.;Tāmen zài yuēhuì.;Sie sind bei einem Date.;约会;他们在约会。;L04-1-60;L04
wieder, noch, dann;zài;Adverb;Zài kàn yí cì.;Es noch einmal sehen.;再;再看一次。;L04-1-61;L04
"eilig, hastig; sich Sorgen machen";zháojí;Adjektiv;Tā hěn zháojí.;Sie ist sehr besorgt.;着急;她很着急。;L04-1-62;L04
wissen;zhīdào;Verb;Wǒ zhīdào nǐ de míngzi.;Ich kenne deinen Namen.;知道;我知道你的名字。;L04-1-63;L04
Mittag;zhōngwǔ;Subst.;Zhōngwǔ wǒmen chī zhōngcān.;Mittags essen wir Mittagessen.;中午;中午我们吃中餐。;L04-1-64;L04
* Lektion 4 Dialoge;*Lektion 4 Dialoge;* Lektion 4 Dialoge;*Lektion 4 Dialoge;*Lektion 4 Dialoge;*Lektion 4 Dialoge;*Lektion 4 Dialoge;LD04-1-00;LD0
Entschuldigung, wie viel Uhr ist es?;Duìbuqǐ, jǐ diǎn le?;;Duìbuqǐ, jǐ diǎn le?;Entschuldigung, wie viel Uhr ist es?;对不起，几点了？;对不起，几点了？;LD04-1-01;LD0
Es ist jetzt halb eins.;Xiànzài shí'èr diǎn bàn.;;Xiànzài shí'èr diǎn bàn.;Es ist jetzt halb eins.;现在十二点半。;现在十二点半。;LD04-1-02;LD0
Entschuldigung, bitte sag es noch einmal.;Duìbuqǐ, qǐng zài shuō yī biàn.;;Duìbuqǐ, qǐng zài shuō yī biàn.;Entschuldigung, bitte sag es noch einmal.;对不起，请再说一遍。;对不起，请再说一遍。;LD04-1-03;LD0
Es ist 12 Uhr 30 am Mittag.;Xiànzài shì zhōngwǔ shí'èr diǎn sānshí fēn.;;Xiànzài shì zhōngwǔ shí'èr diǎn sānshí fēn.;Es ist 12 Uhr 30 am Mittag.;现在是中午十二点三十分。;现在是中午十二点三十分。;LD04-1-04;LD0
Danke dir!;Xièxiè nǐ!;;Xièxiè nǐ!;Danke dir!;谢谢你！;谢谢你！;LD04-1-05;LD0
Keine Ursache! Was hast du vor?;Méi guānxì! Nǐ yǒu shénme shì ma?;;Méi guānxì! Nǐ yǒu shénme shì ma?;Keine Ursache! Was hast du vor?;没关系！你有什么事吗？;没关系！你有什么事吗？;LD04-1-06;LD0
Heute Nachmittag um 4 Uhr 45 wartet mein Freund im Cafe auf mich.;Jīntiān xiàwǔ sì diǎn sìshíwǔ fēn, wǒ de péngyou zài kāfēiguǎn děng wǒ.;;Jīntiān xiàwǔ sì diǎn sìshíwǔ fēn, wǒ de péngyou zài kāfēiguǎn děng wǒ.;Heute Nachmittag um 4 Uhr 45 wartet mein Freund im Cafe auf mich.;今天下午四点四十五分，我的朋友在咖啡馆等我。;今天下午四点四十五分，我的朋友在咖啡馆等我。;LD04-1-07;LD0
Du bist mit einem Freund verabredet. Keine Eile, du hast noch Zeit.;Nǐ yǒu yīgè péngyou hé yuēhuì. Méiyǒu jíxù, nǐ hái yǒu shíjiān.;;Nǐ yǒu yīgè péngyou hé yuēhuì. Méiyǒu jíxù, nǐ hái yǒu shíjiān.;Du bist mit einem Freund verabredet. Keine Eile, du hast noch Zeit.;你有一个朋友和约会。没有急需，你还有时间。;你有一个朋友和约会。没有急需，你还有时间。;LD04-1-08;LD0
Hast du morgen Zeit?;Míngtiān nǐ yǒu shíjiān ma?;;Míngtiān nǐ yǒu shíjiān ma?;Hast du morgen Zeit?;明天你有时间吗？;明天你有时间吗？;LD04-2-01;LD0
Welches Datum ist morgen? (wörtlich: welcher Monat, welcher Tag);Míngtiān shì jǐ yuè jǐ hào?;;Míngtiān shì jǐ yuè jǐ hào?;Welches Datum ist morgen? (wörtlich: welcher Monat, welcher Tag);明天是几月几号？;明天是几月几号？;LD04-2-02;LD0
Welcher Wochentag ist morgen?;Míngtiān shì xīngqī jǐ?;;Míngtiān shì xīngqī jǐ?;Welcher Wochentag ist morgen?;明天是星期几？;明天是星期几？;LD04-2-03;LD0
Morgen ist Sonntag, der 7.12.;Míngtiān shì xīngqīrì, shí'èr yuè qī hào.;;Míngtiān shì xīngqīrì, shí'èr yuè qī hào.;Morgen ist Sonntag, der 7.12.;明天是星期日，十二月七号。;明天是星期日，十二月七号。;LD04-2-04;LD0
Jetzt weiß ich das noch nicht, ich muss kurz in meinen Kalender schauen.;Xiànzài wǒ hái bù zhīdào, wǒ yào kàn yīxià wǒ de rìlì.;;Xiànzài wǒ hái bù zhīdào, wǒ yào kàn yīxià wǒ de rìlì.;Jetzt weiß ich das noch nicht, ich muss kurz in meinen Kalender schauen.;现在我还不知道，我要看一下我的日历。;现在我还不知道，我要看一下我的日历。;LD04-2-05;LD0
Was hast du vor?;Nǐ yǒu shénme shì ma?;;Nǐ yǒu shénme shì ma?;Was hast du vor?;你有什么事吗？;你有什么事吗？;LD04-2-06;LD0
Morgen Abend gehe ich mit Freunden zusammen ins Kino.;Míngtiān wǎn wǒ hé péngyou qù kàn diànyǐng.;;Míngtiān wǎn wǒ hé péngyou qù kàn diànyǐng.;Morgen Abend gehe ich mit Freunden zusammen ins Kino.;明天晚我和朋友去看电影。;明天晚我和朋友去看电影。;LD04-2-07;LD0
Willst du mit hingehen?;Nǐ yào hé wǒ yīqǐ qù ma?;;Nǐ yào hé wǒ yīqǐ qù ma?;Willst du mit hingehen?;你要和我一起去吗？;你要和我一起去吗？;LD04-2-08;LD0
Was für einen Film schaut ihr?;Nǐmen kàn shénme diànyǐng?;;Nǐmen kàn shénme diànyǐng?;Was für einen Film schaut ihr?;你们看什么电影？;你们看什么电影？;LD04-2-09;LD0
Wir schauen den amerikanischen Film „Pretty Woman”.;"Wǒmen kàn měiguó diànyǐng ""Pretty Woman"".";;"Wǒmen kàn měiguó diànyǐng ""Pretty Woman"".";Wir schauen den amerikanischen Film „Pretty Woman”.;我们看美国电影《Pretty Woman》。;我们看美国电影《Pretty Woman》。;LD04-2-10;LD0
Den möchte ich auch gerne sehen.;Wǒ yě xiǎng kàn.;;Wǒ yě xiǎng kàn.;Den möchte ich auch gerne sehen.;我也想看。;我也想看。;LD04-2-11;LD0
Aber morgen Abend habe ich keine Zeit, am Vormittag habe ich Zeit.;Dàn míngtiān wǎn wǒ méiyǒu kòng, zǎoshang wǒ yǒu kòng.;;Dàn míngtiān wǎn wǒ méiyǒu kòng, zǎoshang wǒ yǒu kòng.;Aber morgen Abend habe ich keine Zeit, am Vormittag habe ich Zeit.;但明天晚我没有空，早上我有空。;但明天晚我没有空，早上我有空。;LD04-2-12;LD0
Das macht nichts, wir sprechen später darüber.;Méi guānxì, wǒmen hòulái zài shuō.;;Méi guānxì, wǒmen hòulái zài shuō.;Das macht nichts, wir sprechen später darüber.;没关系，我们后来再说。;没关系，我们后来再说。;LD04-2-13;LD0
* Lektion 5;*Lektion 5;* Lektion 5;*Lektion 5;*Lektion 5;*Lektion 5;*Lektion 5;L05-1-00;L05
hundert;bǎi;Zahlwort;Zhè běn shū yào yī bǎi yuán.;Dieses Buch kostet hundert Yuan.;百;这本书要一百元。;L05-1-01;L05
Formular;biǎogé;Subst.;Qǐng tiánxie biǎogé.;Bitte füllen Sie das Formular aus.;表格;请填写表格。;L05-1-02;L05
Hotel;bīnguǎn;Subst.;Wǒ zài bīnguǎn zhù le yí yè.;Ich habe eine Nacht im Hotel verbracht.;宾馆;我在宾馆住了一夜。;L05-1-03;L05
Einzel-;dān;Adjektiv;Nǐ yào dān rén fángjiān háishì shuāng rén fángjiān?;Möchten Sie ein Einzelzimmer oder ein Doppelzimmer?;单;你要单人房还是双人房？;L05-1-04;L05
gegenüber, gegenüberliegende Seite;duìmiàn;Adverb;Yínháng zài yóujú de duìmiàn.;Die Bank ist gegenüber der Post.;对面;银行在邮局的对面。;L05-1-05;L05
wie viel?;duōshǎo/ jǐ ;Fragewort;Nǐ yào zhù jǐ tiān?;Wie viele Tage möchten Sie bleiben?;多少;你要住几天？;L05-1-06;L05
Zimmer;fángjiān;Subst.; Qǐngwèn, zhèr yǒu kòng fángjiān ma?;Entschuldigung, gibt es hier ein freies Zimmer?;房间;请问，这儿有空房间吗？;L05-1-07;L05
ZEW für Geld;fēn;Subst.;Tā yǒu wǔ fēn.;Sie hat fünf fēn.;分;她有五分。;L05-1-08;L05
bezahlen;fù/fù qián;Verb;Wǒ yào fù qián.;Ich muss bezahlen.;付/付钱;我要付钱。;L05-1-09;L05
in der Nähe, direkte Umgebung;fùjìn;Adverb;Wǒmen fùjìn yǒu yī jiā yínháng. ;In unserer Nähe gibt es eine Bank.;附近;我们附近有一家银行。;L05-1-10;L05
Stück, Anzahl „Stück“;gè;Zähleinwort;Zhè bīnguǎn yǒu yī bǎi gè fángjiān.;Dieses Hotel hat 100 Zimmer.;个;这宾馆有一百个房间。;L05-1-11;L05
oder;háishì;Konjunktion;Nǐ xiǎng chī zhège háishì nàge?;Möchtest du dieses oder jenes essen?;还是;你想吃这个还是那个？;L05-1-12;L05
wechseln;huàn;Verb;Zài nǎr néng huàn qián?;Wo kann ich Geld wechseln?;换;在哪儿能换钱？;L05-1-13;L05
ZEW für Zimmer;jiān;Zähleinwort;Wǒ xiǎng yào liǎng jiān shuāng rén fángjiān.;Ich möchte zwei Doppelzimmer.;间;我想要两间双人房。;L05-1-14;L05
ZEW für Geld (= 10 fēn);jiǎo/máo;Subst.;Yī yuán shì shí jiǎo.;Ein Yuan sind zehn Jiao.;角/毛;一元是十角。;L05-1-15;L05
Karte (Kredit-, Zugangskarte u.ä.);kǎ;Subst.;Wǒ kěyǐ zài zhèlǐ shuā kǎ ma?;Kann ich hier mit Karte bezahlen?;卡;我可以在这里刷卡吗？;L05-1-16;L05
dürfen, können;kěyǐ;Modalverb;Wǒ kěyǐ bāng nín ma?;Darf ich ihnen helfen?;可以;我可以帮您吗？;L05-1-17;L05
leer, frei;kōng;Adjektiv;Nín hái yǒu kòng fángjiān ma?;Haben Sie noch ein Zimmer frei?;空;您还有空房间吗？;L05-1-18;L05
Aspektpartikel;le;Partikel;Wǒ mǎi le yī bēi kāfēi.;Ich habe eine Tasse Kaffee gekauft.;了;我买了一杯咖啡。;L05-1-19;L05
zwei;liǎng;Zahlwort;Wǒ xiǎng zhù liǎng tiān.;Ich möchte zwei Tage bleiben.;两;我想住两天。;L05-1-20;L05
"Gebäude; ZEW für Etage";lóu;Subst.;Wǒ zhù zài sān hào lóu.;Ich wohne im Gebäude Nummer drei.;楼;我住在三号楼。;L05-1-21;L05
können;néng;Modalverb;Wǒmen míngtiān néng qù.;Wir können morgen gehen.;能;我们明天能去。;L05-1-22;L05
Euro;ōuyuán;Subst.;Wǒ kěyǐ zài nǎlǐ huàn ōuyuán?;Wo kann ich Euro wechseln?;欧元;我可以在哪里换欧元？;L05-1-23;L05
billig;piányi;Adjektiv;Zhège fángjiān hěn piányí.;Dieses Zimmer ist sehr billig.;便宜;这个房间很便宜。;L05-1-24;L05
Geld;qián;Subst.;Wǒ zài nǎlǐ kěyǐ huàn qián?;Wo kann ich Geld wechseln?;钱;我在哪里可以换钱？;L05-1-25;L05
tausend;qiān;Zahlwort;Wǒmen xuéxiào yǒu yīqiān gè xuéshēng.;Unsere Schule hat 1000 Schüler.;千;我们学校有一千个学生。;L05-1-26;L05
holen, abholen;qǔ;Verb;Wǒ qù qǔ jǐ běn shū.;Ich gehe, um einige Bücher zu holen.;取;我去取几本书。;L05-1-27;L05
RMB / CNY;rénmínbì;Subst.;Wǒ xiǎng huàn yī diǎn rénmínbì.;Ich möchte etwas chinesisches Geld wechseln.;人民币;我想换一点人民币。;L05-1-28;L05
mit Karte bezahlen;shuā kǎ;Verb;Qǐng shuā kǎ zhīfù.;Bitte zahlen Sie mit Karte.;刷卡;请刷卡支付。;L05-1-29;L05
"Doppel-; ZEW für Paare";shuāng;Adjektiv;Wǒ xiǎng yào yī jiān shuāng rén fángjiān.;Ich möchte ein Doppelzimmer.;双;我想要一间双人房。;L05-1-30;L05
ausfüllen;tián;Verb;Qǐng tián xià biǎogé.;Bitte füllen Sie das Formular aus.;填;请填写表格。;L05-1-31;L05
Tag;tiān;Subst.;Yī tiān yào duōshǎo qián?;Wie viel kostet das pro Tag?;天;一天要多少钱？;L05-1-32;L05
O.K., in Ordnung, das geht;xíng;Verb;Shì de, xíng.;Ja, das ist in Ordnung.;行;是的，行。;L05-1-33;L05
haben wollen, brauchen;yào;Verb;Wǒ yào yī bēi kāfēi.;Ich möchte eine Tasse Kaffee.;要;我想要一杯咖啡。;L05-1-34;L05
insgesamt;yīgòng;Adverb;Zhèxiē shū yīgòng duōshǎo qián?;Wie viel kosten diese Bücher insgesamt?;一共;这些书一共多少钱？;L05-1-35;L05
Bank;yínháng;Subst.;Wǒ zài yínháng qǔ qián.;Ich hebe Geld von der Bank ab.;银行;我在银行取钱。;L05-1-36;L05
über (einer bestimmten Menge);yǐshàng;Präposition;Wǒmen xuéxiào yǒu sānqiān xuéshēng yǐshàng. ;Unsere Schule hat mehr als dreitausend Schüler. ;以上;我们学校有三千多个学生。;L05-1-37;L05
"mit (etw.); benutzen, gebrauchen";yòng;Verb;Wǒ yòng diànnǎo gōngzuò.;Ich arbeite mit einem Computer.;用;我用电脑工作。;L05-1-38;L05
ZEW für Geld (= 10 jiǎo);yuán;Subst.;Zhè běn shū yào wǔshí yuán.;Dieses Buch kostet 50 Yuan.;元;这本书要五十元。;L05-1-39;L05
ZEW für Geld (= 10 jiǎo);kuài;Subst.;Zhè běn shū yào èrshí kuài qián.;Dieses Buch kostet 20 Yuan.;块;这本书要二十块钱。;L05-1-40;L05
so, so sehr;zhème;Adverb;Tā zhème gāoxìng.;Sie ist so glücklich.;这么;她这么高兴。;L05-1-41;L05
wohnen;zhù;Verb;Wǒ zhù zài yīhào lóu.;Ich wohne im ersten Stock.;住;我住在一楼。;L05-1-42;L05
Geldautomat;zìdòng qǔkuǎnjī;Subst.;Zìdòng qǔkuǎnjī zài lóu xià.;Der Geldautomat ist unten im Gebäude.;自动取款机;自动取款机在楼下。;L05-1-43;L05
* Lektion 5 Dialoge;*Lektion 5 Dialoge;* Lektion 5 Dialoge;*Lektion 5 Dialoge;*Lektion 5 Dialoge;*Lektion 5 Dialoge;*Lektion 5 Dialoge;LD05-1-00;LD0
Entschuldigung, gibt es hier ein freies Zimmer?;Duìbuqǐ, zhèlǐ yǒu kòng fángjiān ma?;;Duìbuqǐ, zhèlǐ yǒu kòng fángjiān ma?;Entschuldigung, gibt es hier ein freies Zimmer?;对不起，这里有空房间吗？;对不起，这里有空房间吗？;LD05-1-01;LD0
Ja, wollen Sie ein Einzelzimmer oder ein Doppelzimmer?;Shì, nín yào yīgè dān rén fáng háishì yīgè shuāngrén fáng?;;Shì, nín yào yīgè dān rén fáng háishì yīgè shuāngrén fáng?;Ja, wollen Sie ein Einzelzimmer oder ein Doppelzimmer?;是，您要一个单人房还是一个双人房？;是，您要一个单人房还是一个双人房？;LD05-1-02;LD0
Ich möchte ein Doppelzimmer.;Wǒ xiǎng yào yīgè shuāngrén fáng.;;Wǒ xiǎng yào yīgè shuāngrén fáng.;Ich möchte ein Doppelzimmer.;我想要一个双人房。;我想要一个双人房。;LD05-1-03;LD0
Wie viele Tage wollen Sie bleiben?;Nín xiǎng zhù jǐ tiān?;;Nín xiǎng zhù jǐ tiān?;Wie viele Tage wollen Sie bleiben?;您想住几天？;您想住几天？;LD05-1-04;LD0
Ich will zwei Tage bleiben, was kostet ein Tag?;Wǒ xiǎng zhù liǎng tiān, yī tiān duōshǎo qián?;;Wǒ xiǎng zhù liǎng tiān, yī tiān duōshǎo qián?;Ich will zwei Tage bleiben, was kostet ein Tag?;我想住两天，一天多少钱？;我想住两天，一天多少钱？;LD05-1-05;LD0
Eine Nacht kostet 340 Yuan.;Yī wǎn shí sānbǎi sìshí yuán.;;Yī wǎn shí sānbǎi sìshí yuán.;Eine Nacht kostet 340 Yuan.;一晚是三百四十元。;一晚是三百四十元。;LD05-1-06;LD0
So teuer, geht es ein bisschen günstiger?;Zhème guì, kěyǐ piányi yīdiǎn ma?;;Zhème guì, kěyǐ piányi yīdiǎn ma?;So teuer, geht es ein bisschen günstiger?;这么贵，可以便宜一点吗？;这么贵，可以便宜一点吗？;LD05-1-07;LD0
Es geht für 290 Yuan pro Tag, aber Sie müssen mindestens drei Tage bleiben.;Yī tiān èr bǎi jiǔ shí yuán kěyǐ, dànshì nín bìxū zhù sān tiān.;;Yī tiān èr bǎi jiǔ shí yuán kěyǐ, dànshì nín bìxū zhù sān tiān.;Es geht für 290 Yuan pro Tag, aber Sie müssen mindestens drei Tage bleiben.;一天二百九十元可以，但是您必须住三天。;一天二百九十元可以，但是您必须住三天。;LD05-1-08;LD0
In Ordnung, ich bleibe drei Tage, ein Tag kostet 290 Yuan.;Hǎo de, wǒ zhù sān tiān, yī tiān èr bǎi jiǔ shí yuán.;;Hǎo de, wǒ zhù sān tiān, yī tiān èr bǎi jiǔ shí yuán.;In Ordnung, ich bleibe drei Tage, ein Tag kostet 290 Yuan.;好的，我住三天，一天二百九十元。;好的，我住三天，一天二百九十元。;LD05-1-09;LD0
Bitte füllen Sie kurz das Formular aus.;Qǐng tián yīxià biǎogé.;;Qǐng tián yīxià biǎogé.;Bitte füllen Sie kurz das Formular aus.;请填一下表格。;请填一下表格。;LD05-1-10;LD0
Gut.;Hǎo.;;Hǎo.;Gut.;好。;好。;LD05-1-11;LD0
Das ist die Zimmerkarte von Zimmer 603, das Zimmer befindet sich im 5. Stock.;Zhè shì 603 fángjiān de fángjiān kǎ, fángjiān zài dì wǔ céng.;;Zhè shì 603 fángjiān de fángjiān kǎ, fángjiān zài dì wǔ céng.;Das ist die Zimmerkarte von Zimmer 603, das Zimmer befindet sich im 5. Stock.;这是603房间的房间卡，房间在第五层。;这是603房间的房间卡，房间在第五层。;LD05-1-12;LD0
Guten Tag! Ich möchte bezahlen, Zimmer 603.;Nǐ hǎo! Wǒ xiǎng zhīfù, 603 fángjiān.;;Nǐ hǎo! Wǒ xiǎng zhīfù, 603 fángjiān.;Guten Tag! Ich möchte bezahlen, Zimmer 603.;你好！我想支付，603房间。;你好！我想支付，603房间。;LD05-2-01;LD0
Sie haben vier Tage (hier) gewohnt, insgesamt 1160 Yuan.;Nín zhù le sì tiān, zǒnggòng yīqiān yībǎi liùshí yuán.;;Nín zhù le sì tiān, zǒnggòng yīqiān yībǎi liùshí yuán.;Sie haben vier Tage (hier) gewohnt, insgesamt 1160 Yuan.;您住了四天，总共一千一百六十元。;您住了四天，总共一千一百六十元。;LD05-2-02;LD0
Kann ich mit Euro bezahlen?;Wǒ kěyǐ yòng ōuyuán zhīfù ma?;;Wǒ kěyǐ yòng ōuyuán zhīfù ma?;Kann ich mit Euro bezahlen?;我可以用欧元支付吗？;我可以用欧元支付吗？;LD05-2-03;LD0
Entschuldigung, hier kann man nicht mit Euro bezahlen.;Duìbuqǐ, zhèlǐ bù néng yòng ōuyuán zhīfù.;;Duìbuqǐ, zhèlǐ bù néng yòng ōuyuán zhīfù.;Entschuldigung, hier kann man nicht mit Euro bezahlen.;对不起，这里不能用欧元支付。;对不起，这里不能用欧元支付。;LD05-2-04;LD0
Sie können mit Karte bezahlen.;Nín kěyǐ yòng kǎ zhīfù.;;Nín kěyǐ yòng kǎ zhīfù.;Sie können mit Karte bezahlen.;您可以用卡支付。;您可以用卡支付。;LD05-2-05;LD0
Gut. Das ist meine Karte. Entschuldigung, wo kann man Geld wechseln?;Hǎo. Zhè shì wǒ de kǎ. Duìbuqǐ, nǎlǐ kěyǐ huàn qián?;;Hǎo. Zhè shì wǒ de kǎ. Duìbuqǐ, nǎlǐ kěyǐ huàn qián?;Gut. Das ist meine Karte. Entschuldigung, wo kann man Geld wechseln?;好。这是我的卡。对不起，哪里可以换钱？;好。这是我的卡。对不起，哪里可以换钱？;LD05-2-06;LD0
Gibt es in der Nähe eine Bank?;Fùjìn yǒu yínháng ma?;;Fùjìn yǒu yínháng ma?;Gibt es in der Nähe eine Bank?;附近有银行吗？;附近有银行吗？;LD05-2-07;LD0
Schauen Sie, gegenüber gibt es einen Geldautomaten, dort können Sie Geld holen.;Kàn, duìmiàn yǒu yí gè zìdòng qǔkuǎnjī, nàlǐ kěyǐ qǔ qián.;;Kàn, duìmiàn yǒu yí gè zìdòng qǔkuǎnjī, nàlǐ kěyǐ qǔ qián.;Schauen Sie, gegenüber gibt es einen Geldautomaten, dort können Sie Geld holen.;看，对面有一个自动取款机，那里可以取钱。;看，对面有一个自动取款机，那里可以取钱。;LD05-2-08;LD0
Wie hoch ist der Wechselkurs von Euro zu Renminbi heute?;Jīntiān Ōuyuán dào rénmínbì de huìlǜ shì duōshǎo?;;Jīntiān Ōuyuán dào rénmínbì de huìlǜ shì duōshǎo?;Wie hoch ist der Wechselkurs von Euro zu Renminbi heute?;今天欧元到人民币的汇率是多少？;今天欧元到人民币的汇率是多少？;LD05-2-09;LD0
Heute ist der Kurs eins zu acht.;Jīntiān de huìlǜ shì yī dào bā.;;Jīntiān de huìlǜ shì yī dào bā.;Heute ist der Kurs eins zu acht.;今天的汇率是一到八。;今天的汇率是一到八。;LD05-2-10;LD0
Vielen Dank.;Fēicháng gǎnxiè.;;Fēicháng gǎnxiè.;Vielen Dank.;非常感谢。;非常感谢。;LD05-2-11;LD0
* Lektion 6;*Lektion 6;* Lektion 6;*Lektion 6;*Lektion 6;*Lektion 6;*Lektion 6;L06-1-00;L06
Getränk;yǐnliào;Nomen;Nǐ xǐhuān hē shénme yǐnliào?;Was für ein Getränk magst du?;饮料;你喜欢喝什么饮料？;L06-1-01;L06
Apfelsaft;píngguǒzhī;Nomen;Wǒ xiǎng yào yī bēi píngguǒ zhī.;Ich möchte ein Glas Apfelsaft.;苹果汁;我想要一杯苹果汁。;L06-1-02;L06
Kellner;fúwùyuán;Nomen;Fúwùyuán, qǐng gěi wǒ càidān.;Kellner, bitte geben Sie mir die Speisekarte.;服务员;服务员，请给我菜单。;L06-1-03;L06
Bier;píjiǔ;Nomen;Wǒ xiǎng hē yī píng píjiǔ.;Ich möchte eine Flasche Bier.;啤酒;我想喝一瓶啤酒。;L06-1-04;L06
Essen bestellen;diǎncài/diǎn;Verb;Wǒmen lái diǎn cài ba.;Lass uns bestellen.;点菜 /点;我们来点菜吧。;L06-1-05;L06
Essen;chīfàn/chī;Verb;Wǒmen qù chī fàn.;Wir gehen essen.;吃饭/吃;我们去吃饭。;L06-1-06;L06
sagen;gàosu;Verb;Qǐng gàosù wǒ nǐ shénme shíhòu lái.;Bitte sag mir, wann du kommst.;告诉;请告诉我你什么时候来。;L06-1-07;L06
Reis, Mahlzeit;fàn;Nomen;Zhè dùn fàn hěn hǎo chī.;Dieses Essen schmeckt gut.;饭;这顿饭很好吃。;L06-1-08;L06
grüner Tee;lǜchá;Nomen;Wǒ měitiān hē lǜchá.;Ich trinke jeden Tag grünen Tee.;绿茶;我每天喝绿茶。;L06-1-09;L06
Willkommen;huānyíng guānglín;Redewendung;Huānyíng guānglín wǒmen de cānguǎn!;Herzlich willkommen in unserem Restaurant!;欢迎光临;欢迎光临我们的餐馆！;L06-1-10;L06
willkommen heißen;huānyíng;Verb;Huānyíng nǐ lái wǒ de jiā.;Willkommen in meinem Haus.;欢迎;欢迎你来我的家。;L06-1-11;L06
Kaffee;kāfēi;Nomen;Wǒ xǐhuān hē kāfēi.;Ich mag es, Kaffee zu trinken.;咖啡;我喜欢喝咖啡。;L06-1-12;L06
Kanne;hú;Nomen;Qǐng gěi wǒ yī hú shuǐ.;Bitte geben Sie mir eine Kanne Wasser.;壶;请给我一壶水。;L06-1-13;L06
Mineralwasser;kuàngquánshuǐ;Nomen;Wǒ xiǎng yào kuàngquán shuǐ.;Ich möchte Mineralwasser.;矿泉水;我想要矿泉水。;L06-1-14;L06
mögen, gefallen;xǐhuān;Verb;Wǒ xǐhuān zhège dìfāng.;Ich mag diesen Ort.;喜欢;我喜欢这个地方。;L06-1-15;L06
Restaurant;cānguǎn;Nomen;Zhè jiā cānguǎn hěn bùcuò.;Dieses Restaurant ist ziemlich gut.;餐馆;这家餐馆很不错。;L06-1-16;L06
sitzen;zuò;Verb;Qǐng zuò.;Bitte setzen Sie sich.;坐;请坐。;L06-1-17;L06
sofort;mǎshàng;Adverb;Wǒ mǎshàng jiù lái.;Ich komme sofort.;马上;我马上就来。;L06-1-18;L06
Speisekarte;càidān;Nomen;Qǐng gěi wǒ càidān.;Bitte geben Sie mir die Speisekarte.;菜单;请给我菜单。;L06-1-19;L06
trinken;hē;Verb;Nǐ xiǎng hē shénme?;Was möchtest du trinken?;喝;你想喝什么？;L06-1-20;L06
Flasche;píng;Nomen;Qǐng gěi wǒ yī píng shuǐ.;Bitte geben Sie mir eine Flasche Wasser.;瓶;请给我一瓶水。;L06-1-21;L06
Sitzplatz, Position;wèi;Nomen;Wǒmen yǒu yī gè wèi zi.;Wir haben einen Platz.;位;我们有一个位子。;L06-1-22;L06
Tasse, Becher;bēi;Nomen;Qǐng gěi wǒ yī bēi lǜchá.;Bitte geben Sie mir eine Tasse grünen Tee.;杯;请给我一杯绿茶。;L06-1-23;L06
Rechnung zahlen;mǎidān;Redewendung;Qǐng gěi wǒ mǎidān.;Bitte bringen Sie mir die Rechnung.;买单;请给我买单。;L06-1-24;L06
gebraten;chǎo;Verb;Wǒ yào chǎo mǐfàn.;Ich möchte gebratenen Reis.;炒;我要炒米饭。;L06-1-25;L06
Stäbchen;kuàizi;Nomen;Qǐng gěi wǒ yī shuāng kuàizi.;Bitte geben Sie mir ein Paar Essstäbchen.;筷子;请给我一双筷子。;L06-1-26;L06
Familie, Zuhause;jiā;Nomen;Wǒ huídào jiā le.;Ich bin nach Hause gekommen.;家;我回到家了。;L06-1-27;L06
Fisch;yú;Nomen;Wǒ xǐhuān chī yú.;Ich esse gerne Fisch.;鱼;我喜欢吃鱼。;L06-1-28;L06
Fleisch;ròu;Nomen;Zhè ròu hěn hǎo chī.;Dieses Fleischgericht schmeckt gut.;肉;这肉很好吃。;L06-1-29;L06
Frühlingsrolle;chūnjuǎn;Nomen;Wǒ xiǎng yào chūnjuǎn.;Ich möchte Frühlingsrollen.;春卷;我想要春卷。;L06-1-30;L06
geben;gěi;Verb;Wǒ gěi nǐ yī běn shū.;Ich gebe dir ein Buch.;给;我给你一本书。;L06-1-31;L06
Reis;mǐfàn/mǐ;Nomen;Wǒ xiǎng yào yī wǎn mǐfàn.;Ich möchte eine Schüssel Reis.;米饭/米;我想要一碗米饭。;L06-1-32;L06
Gemüse;shūcài;Nomen;Duō chī yīxiē shūcài.;Iss mehr Gemüse.;蔬菜;多吃一些蔬菜。;L06-1-33;L06
gebratene Ente;kǎoyā;Nomen;Wǒ ài chī kǎoyā.;Ich liebe Pekingente.;烤鸭;我爱吃烤鸭。;L06-1-34;L06
innen;lǐ;Präposition;Wǒ zài jiālǐ.;Ich bin zu Hause.;里;我在家里。;L06-1-35;L06
langsam;màn;Adjektiv;Qǐng màn yīdiǎn.;Bitte etwas langsamer.;慢;请慢一点。;L06-1-36;L06
Prost;gānbēi;Redewendung;Ràng wǒmen gānbēi!;Lass uns anstoßen!;干杯;让我们干杯！;L06-1-37;L06
Rindfleisch;niúròu;Nomen;Wǒ xiǎng yào niúròu.;Ich möchte Rindfleisch.;牛肉;我想要牛肉。;L06-1-38;L06
sauer;suān;Adjektiv;Zhège cài yǒudiǎn suān.;Dieses Gericht ist ein bisschen sauer.;酸;这个菜有点酸。;L06-1-39;L06
scharf;là;Adjektiv;Wǒ xǐhuān là de shíwù.;Ich mag scharfes Essen.;辣;我喜欢辣的食物。;L06-1-40;L06
Schüssel;wǎn;Nomen;Qǐng gěi wǒ yī wǎn tāng.;Bitte geben Sie mir eine Schüssel Suppe.;碗;请给我一碗汤。;L06-1-41;L06
Gericht, Gemüse;cài;Nomen;Jīntiān de cài hěn hǎo.;Das Gericht heute ist gut.;菜;今天的菜很好。;L06-1-42;L06
Suppe;tāng;Nomen;Wǒ xiǎng hē tāng.;Ich möchte Suppe trinken.;汤;我想喝汤。;L06-1-43;L06
wie, wie ist es;zěnme/zěnmeyàng;Fragewort;Nǐ jīntiān zěnme yàng?;Wie geht es dir heute?;怎么/怎么样;你今天怎么样？;L06-1-44;L06
Portion;fèn;Nomen;Wǒ xiǎng yào yī fèn zhège cài.;Ich möchte eine Portion von diesem Gemüse.;份;我想要一份这个菜。;L06-1-45;L06
* Lektion 6 Frage/Antwort;*Lektion 6 Frage/Antwort;* Lektion 6 Frage/Antwort;*Lektion 6 Frage/Antwort;*Lektion 6 Frage/Antwort;*Lektion 6 Frage/Antwort;*Lektion 6 Frage/Antwort;L06-F-00;L06
Getränk;yǐnliào;Nomen;Nǐ xiǎng hē shénme yǐnliào? / Wǒ xiǎng hē kāfēi.;Was möchtest du trinken? / Ich möchte Kaffee trinken.;饮料;你想喝什么饮料？ / 我想喝咖啡。;L06-F-01;L06
Getränk;yǐnliào;Nomen;Zhè shì shénme yǐnliào? / Zhè shì lǜchá.;Was ist das für ein Getränk? / Das ist grüner Tee.;饮料;这是什么饮料？ / 这是绿茶。;L06-F-02;L06
Apfelsaft;píngguǒ zhī;Nomen;Nǐ yǒu píngguǒ zhī ma? / Yǒu, wǒmen yǒu píngguǒ zhī.;Hast du Apfelsaft? / Ja, wir haben Apfelsaft.;苹果汁;你有苹果汁吗？ / 有，我们有苹果汁。;L06-F-03;L06
Apfelsaft;píngguǒ zhī;Nomen;Nǐ xǐhuān hē píngguǒ zhī ma? / Wǒ xǐhuān hē píngguǒ zhī.;Magst du Apfelsaft? / Ich mag Apfelsaft.;苹果汁;你喜欢喝苹果汁吗？ / 我喜欢喝苹果汁。;L06-F-04;L06
Kellner/in;fúwùyuán;Nomen;Fúwùyuán zài nǎr? / Tā zài nàbiān.;Wo ist der Kellner? / Er ist dort drüben.;服务员;服务员在哪儿？ / 他在那边。;L06-F-05;L06
Kellner/in;fúwùyuán;Nomen;Kěyǐ jiào fúwùyuán ma? / Kěyǐ, wǒ mǎshàng jiào tā.;Kannst du den Kellner rufen? / Ja, ich rufe ihn sofort.;服务员;可以叫服务员吗？ / 可以，我马上叫他。;L06-F-06;L06
Bier;píjiǔ;Nomen;Nǐ xiǎng hē píjiǔ ma? / Wǒ xiǎng hē píjiǔ.;Möchtest du Bier trinken? / Ich möchte Bier trinken.;啤酒;你想喝啤酒吗？ / 我想喝啤酒。;L06-F-07;L06
Bier;píjiǔ;Nomen;Zhè shì shénme píjiǔ? / Zhè shì déguó píjiǔ.;Was ist das für ein Bier? / Das ist deutsches Bier.;啤酒;这是什么啤酒？ / 这是德国啤酒。;L06-F-08;L06
Essen bestellen;diǎn cài / diǎn;Verb;Nǐ diǎn cài le ma? / Wǒ hái méi diǎn cài.;Hast du das Essen bestellt? / Ich habe noch nicht bestellt.;点菜 / 点;你点菜了吗？ / 我还没点菜。;L06-F-09;L06
Essen bestellen;diǎn cài / diǎn;Verb;Nǐ xiǎng diǎn shénme cài? / Wǒ xiǎng diǎn kǎoyā.;Was möchtest du bestellen? / Ich möchte Pekingente bestellen.;点菜 / 点;你想点什么菜？ / 我想点烤鸭。;L06-F-10;L06
essen;chīfàn / chī;Verb;Nǐ chīfàn le ma? / Wǒ chīguò le.;Hast du gegessen? / Ich habe schon gegessen.;吃饭 / 吃;你吃饭了吗？ / 我吃过了。;L06-F-11;L06
essen;chīfàn / chī;Verb;Wǒmen jǐ diǎn chīfàn? / Wǒmen qī diǎn chīfàn.;Wann essen wir? / Wir essen um sieben Uhr.;吃饭 / 吃;我们几点吃饭？ / 我们七点吃饭。;L06-F-12;L06
sagen / erzählen;gàosu;Verb;Nǐ néng gàosu wǒ ma? / Wǒ néng gàosu nǐ.;Kannst du es mir sagen? / Ich kann es dir sagen.;告诉;你能告诉我吗？ / 我能告诉你。;L06-F-13;L06
sagen / erzählen;gàosu;Verb;Tā gàosu nǐ shénme le? / Tā gàosu wǒ tā jīntiān hěn máng.;Was hat er dir gesagt? / Er hat mir gesagt, dass er heute beschäftigt ist.;告诉;他告诉你什么了？ / 他告诉我他今天很忙。;L06-F-14;L06
Reis, Mahlzeit;fàn;Nomen;Nǐ chī fàn le ma? / Wǒ chīle.;Hast du gegessen? / Ich habe gegessen.;饭;你吃饭了吗？ / 我吃了。;L06-F-15;L06
grüner Tee;lǜchá;Nomen;Nǐ xǐhuān hē lǜchá ma? / Wǒ xǐhuān hē lǜchá.;Magst du grünen Tee? / Ich mag grünen Tee.;绿茶;你喜欢喝绿茶吗？ / 我喜欢喝绿茶。;L06-F-16;L06
Willkommen;huānyíng guānglín;Redewendung;Nǐmen huānyíng guānglín ma? / Huānyíng guānglín!;Heißt ihr die Gäste willkommen? / Herzlich willkommen!;欢迎光临;你们欢迎光临吗？ / 欢迎光临！;L06-F-17;L06
willkommen heißen;huānyíng;Verb;Nǐ huì shuō huānyíng ma? / Dāngrán!;Kannst du 'Willkommen' sagen? / Natürlich!;欢迎;你会说欢迎吗？ / 当然！;L06-F-18;L06
Kaffee;kāfēi;Nomen;Nǐ hē kāfēi ma? / Wǒ hē kāfēi.;Trinkst du Kaffee? / Ich trinke Kaffee.;咖啡;你喝咖啡吗？ / 我喝咖啡。;L06-F-19;L06
Kanne;hú;Nomen;Zhè hú chá shì shénme? / Zhè shì lǜchá.;Was ist in dieser Teekanne? / Das ist grüner Tee.;壶;这壶茶是什么？ / 这是绿茶。;L06-F-20;L06
Mineralwasser;kuàngquánshuǐ;Nomen;Nǐ yào kuàngquán shuǐ ma? / Wǒ yào kuàngquán shuǐ.;Möchtest du Mineralwasser? / Ich möchte Mineralwasser.;矿泉水;你要矿泉水吗？ / 我要矿泉水。;L06-F-21;L06
mögen, gefallen;xǐhuān;Verb;Nǐ xǐhuān zhège ma? / Wǒ xǐhuān zhège.;Magst du das? / Ich mag das.;喜欢;你喜欢这个吗？ / 我喜欢这个。;L06-F-22;L06
Restaurant;cānguǎn;Nomen;Fùjìn yǒu cānguǎn ma? / Yǒu, nàlǐ yǒu yījiā.;Gibt es ein Restaurant in der Nähe? / Ja, dort gibt es ein Restaurant.;餐馆;附近有餐馆吗？ / 有，那里有一家。;L06-F-23;L06
sitzen;zuò;Verb;Nǐ néng zuò ma? / Wǒ néng zuò.;Kannst du sitzen? / Ich kann sitzen.;坐;你能坐吗？ / 我能坐。;L06-F-24;L06
sofort;mǎshàng;Adverb;Nǐ mǎshàng lái ma? / Wǒ mǎshàng lái.;Kommst du sofort? / Ich komme sofort.;马上;你马上来吗？ / 我马上来。;L06-F-25;L06
Speisekarte;càidān;Nomen;Nǐ kàn càidān le ma? / Wǒ kàn guò càidān.;Hast du die Speisekarte gelesen? / Ich habe die Speisekarte gesehen.;菜单;你看菜单了吗？ / 我看过菜单。;L06-F-26;L06
trinken;hē;Verb;Nǐ xiǎng hē shénme? / Wǒ xiǎng hē shuǐ.;Was möchtest du trinken? / Ich möchte Wasser trinken.;喝;你想喝什么？ / 我想喝水。;L06-F-27;L06
Flasche;píng;Nomen;Zhè píng jiǔ shì nǎlǐ de? / Zhè shì fàguó de.;Woher kommt diese Flasche Wein? / Die ist aus Frankreich.;瓶;这瓶酒是哪里的？ / 这是法国的。;L06-F-28;L06
Sitzplatz, Position;wèi;Nomen;Nǐmen yǒu wèi zi ma? / Yǒu, wǒmen yǒu yī gè wèi zi.;Habt ihr Plätze frei? / Ja, wir haben einen Platz.;位;你们有位子吗？ / 有，我们有一个位子。;L06-F-29;L06
Tasse, Becher;bēi;Nomen;Nǐ yào jǐ bēi? / Wǒ yào liǎng bēi.;Wie viele Tassen möchtest du? / Ich möchte zwei Tassen.;杯;你要几杯？ / 我要两杯。;L06-F-30;L06
Rechnung zahlen;mǎidān;Redewendung;Nǐ huì bāng wǒ mǎidān ma? / Dāngrán kěyǐ!;Kannst du die Rechnung für mich übernehmen? / Natürlich kann ich!;买单;你会帮我买单吗？ / 当然可以！;L06-F-31;L06
gebraten;chǎo;Verb;Nǐ huì chǎo cài ma? / Wǒ huì chǎo cài.;Kannst du kochen? / Ich kann kochen.;炒;你会炒菜吗？ / 我会炒菜。;L06-F-32;L06
Stäbchen;kuàizi;Nomen;Nǐ huì yòng kuàizi ma? / Wǒ huì yòng kuàizi.;Kannst du Essstäbchen benutzen? / Ich kann Essstäbchen benutzen.;筷子;你会用筷子吗？ / 我会用筷子。;L06-F-33;L06
Familie, Zuhause;jiā;Nomen;Nǐ jiā zài nǎlǐ? / Wǒ jiā zài zhèr.;Wo ist dein Zuhause? / Mein Zuhause ist hier.;家;你家在哪里？ / 我家在这儿。;L06-F-34;L06
Fisch;yú;Nomen;Nǐ xǐhuān chī yú ma? / Wǒ xǐhuān chī yú.;Magst du Fisch? / Ich esse gerne Fisch.;鱼;你喜欢吃鱼吗？ / 我喜欢吃鱼。;L06-F-35;L06
Fleisch;ròu;Nomen;Zhè dào ròu hǎo chī ma? / Hěn hǎo chī.;Schmeckt das Fleisch gut? / Es schmeckt sehr gut.;肉;这道肉好吃吗？ / 很好吃。;L06-F-36;L06
Frühlingsrolle;chūnjuǎn;Nomen;Nǐ xǐhuān chūnjuǎn ma? / Wǒ xǐhuān chūnjuǎn.;Magst du Frühlingsrollen? / Ich mag Frühlingsrollen.;春卷;你喜欢春卷吗？ / 我喜欢春卷。;L06-F-37;L06
geben;gěi;Verb;Nǐ néng gěi wǒ ma? / Wǒ néng gěi nǐ.;Kannst du mir das geben? / Ich kann es dir geben.;给;你能给我吗？ / 我能给你。;L06-F-38;L06
Reis;mǐfàn/mǐ;Nomen;Nǐ chī mǐfàn ma? / Wǒ chī mǐfàn.;Isst du Reis? / Ich esse Reis.;米饭/米;你吃米饭吗？ / 我吃米饭。;L06-F-39;L06
Gemüse;shūcài;Nomen;Nǐ chī shūcài ma? / Wǒ chī hěn duō shūcài.;Isst du Gemüse? / Ich esse viel Gemüse.;蔬菜;你吃蔬菜吗？ / 我吃很多蔬菜。;L06-F-40;L06
gebratene Ente;kǎoyā;Nomen;Nǐ xǐhuān kǎoyā ma? / Wǒ xǐhuān kǎoyā.;Magst du Pekingente? / Ich mag Pekingente.;烤鸭;你喜欢烤鸭吗？ / 我喜欢烤鸭。;L06-F-41;L06
innen;lǐ;Präposition;Nǐ zhù zài nǎlǐ? / Wǒ zhù zài zhèlǐ.;Wo wohnst du? / Ich wohne hier.;里;你住在哪里？ / 我住在这里。;L06-F-42;L06
langsam;màn;Adjektiv;Nǐ zǒu de màn ma? / Wǒ zǒu de màn.;Gehst du langsam? / Ich gehe langsam.;慢;你走得慢吗？ / 我走得慢。;L06-F-43;L06
Prost;gānbēi;Redewendung;Wǒmen gānbēi ba! / Hǎo! Gānbēi!;Stoßen wir an? / Gut! Prost!;干杯;我们干杯吧！ / 好！干杯！;L06-F-44;L06
Rindfleisch;niúròu;Nomen;Nǐ chī niúròu ma? / Wǒ chī niúròu.;Isst du Rindfleisch? / Ich esse Rindfleisch.;牛肉;你吃牛肉吗？ / 我吃牛肉。;L06-F-45;L06
sauer;suān;Adjektiv;Zhège cài suān ma? / Yǒudiǎn suān.;Ist dieses Gericht sauer? / Es ist ein bisschen sauer.;酸;这个菜酸吗？ / 有点酸。;L06-F-46;L06
scharf;là;Adjektiv;Zhège cài là ma? / Fēicháng là.;Ist dieses Gericht scharf? / Es ist sehr scharf.;辣;这个菜辣吗？ / 非常辣。;L06-F-47;L06
Schüssel;wǎn;Nomen;Qǐng gěi wǒ yī wǎn tāng. / Zhèlǐ yǒu yī wǎn tāng.;Gib mir bitte eine Schüssel Suppe. / Hier ist eine Schüssel Suppe.;碗;请给我一碗汤。 / 这里有一碗汤。;L06-F-48;L06
Gericht, Gemüse;cài;Nomen;Nǐ xǐhuān zhège cài ma? / Wǒ xǐhuān zhège cài.;Magst du dieses Gericht? / Ich mag dieses Gericht.;菜;你喜欢这个菜吗？ / 我喜欢这个菜。;L06-F-49;L06
Suppe;tāng;Nomen;Nǐ xǐhuān hē tāng ma? / Wǒ xǐhuān hē tāng.;Magst du Suppe? / Ich mag Suppe.;汤;你喜欢喝汤吗？ / 我喜欢喝汤。;L06-F-50;L06
wie, wie ist es;zěnme/zěnmeyàng;Fragewort;Nǐ jīntiān zěnme yàng? / Wǒ hěn hǎo, xièxiè!;Wie geht es dir heute? / Mir geht es gut, danke!;怎么/怎么样;你今天怎么样？ / 我很好，谢谢！;L06-F-51;L06
Portion;fèn;Nomen;Nǐ yào jǐ fèn? / Wǒ yào sān fèn.;Wie viele Portionen möchtest du? / Ich möchte drei Portionen.;份;你要几份？ / 我要三份。;L06-F-52;L06
* Lektion 7;*Lektion 7;* Lektion 7;*Lektion 7;*Lektion 7;*Lektion 7;*Lektion 7;L07-1-00;L07
ältere Schwester;jiějie;Nomen;Tā shì wǒ de jiějie.;Sie ist meine ältere Schwester.;姐姐;她是我的姐姐。;L07-1-01;L07
älterer Bruder;gēge;Nomen;Tā shì wǒ de gēge.;Er ist mein älterer Bruder.;哥哥;他是我的哥哥。;L07-1-02;L07
Ehefrau;qīzi;Nomen;Érzi hé tā de qīzi zhù zài…;Mein Sohn und seine Frau wohnen …;妻子;儿子和他的妻子住在……;L07-1-03;L07
Ehemann;zhàngfū;Nomen;Nà shì wǒ de zhàngfu.;Das ist mein Ehemann.;丈夫;那是我的丈夫。;L07-1-04;L07
Familie, Zuhause;jiā;Nomen;Wǒ jiā yǒu wǔ kǒu rén.;Meine Familie hat fünf Mitglieder.;家;我家有五口人。;L07-1-05;L07
groß;dà;Adjektiv;Tā jīnnián èrshísì suì, jiéhūn le, yǒu yí gè háizi.;Sie ist dieses Jahr 24, verheiratet und hat ein Kind.;大;她今年二十四岁，结婚了，有一个孩子。;L07-1-06;L07
heiraten;jiéhūn;Verb;Tā jīnnián èrshísì suì, jiéhūn le, yǒu yí gè háizi.;Sie ist dieses Jahr 24, verheiratet und hat ein Kind.;结婚;她今年二十四岁，结婚了，有一个孩子。;L07-1-07;L07
Hund;gǒu;Nomen;Tāmen yǒu yì zhī dà gǒu hé yì zhī xiǎo māo.;Sie haben einen großen Hund und eine kleine Katze.;狗;他们有一只大狗和一只小猫。;L07-1-08;L07
in Rente gehen;tuìxiū;Verb;Wǒ hé wǒ zhàngfu yǐjīng tuìxiū le.;Mein Mann und ich sind schon im Ruhestand.;退休;我和我丈夫已经退休了。;L07-1-09;L07
jüngere Schwester;mèimei;Nomen;Tā shì wǒ de mèimei.;Sie ist meine jüngere Schwester.;妹妹;她是我的妹妹。;L07-1-10;L07
jüngerer Bruder;dìdi;Nomen;Tā shì wǒ de dìdi.;Er ist mein jüngerer Bruder.;弟弟;他是我的弟弟。;L07-1-11;L07
Kind;háizi;Nomen;Tā jīnnián èrshísì suì, jiéhūn le, yǒu yí gè háizi.;Sie ist dieses Jahr 24, verheiratet und hat ein Kind.;孩子;她今年二十四岁，结婚了，有一个孩子。;L07-1-12;L07
klein;xiǎo;Adjektiv;Tāmen yǒu yì zhī dà gǒu hé yì zhī xiǎo māo.;Sie haben einen großen Hund und eine kleine Katze.;小;他们有一只大狗和一只小猫。;L07-1-13;L07
Manager;jīnglǐ;Nomen;Tā shì yí gè gōngsī de jīnglǐ.;Er ist Manager in einer Firma.;经理;他是一个公司的经理。;L07-1-14;L07
Mutter;mǔqīn;Nomen;Nǐ kàn, zhè shì wǒ fùqīn, mǔqīn.;Sieh mal, das sind mein Vater und meine Mutter.;母亲;你看，这是我父亲、母亲。;L07-1-15;L07
nur, bloß;zhǐ;Zählwort;Zhǐ yǒu yí gè jiějie.;Ich habe nur eine ältere Schwester.;只;只有一个姐姐。;L07-1-16;L07
ZEW für Tiere;zhī;Zählwort;Zhǐ yǒu yí gè gǒu.;Ich habe nur einen Hund.;只;只有一个姐姐。;L07-1-16;L07
schon;yǐjīng;Adverb;Wǒ hé wǒ zhàngfu yǐjīng tuìxiū le.;Mein Mann und ich sind schon im Ruhestand.;已经;我和我丈夫已经退休了。;L07-1-17;L07
Sohn;érzi;Nomen;Nà gè shì wǒmen de érzi, tā shì dàxuéshēng.;Das ist unser Sohn, er ist Student.;儿子;那个是我们的儿子，他是大学生。;L07-1-18;L07
Tochter;nǚ'ér;Nomen;Nǚ’ér, tā shì gōngchéngshī, zài Shànghǎi gōngzuò.;Unsere Tochter, sie ist Ingenieurin und arbeitet in Shanghai.;女儿;女儿，她是工程师，在上海工作。;L07-1-19;L07
Vater;fùqīn;Nomen;Nǐ kàn, zhè shì wǒ fùqīn, mǔqīn.;Sieh mal, das sind mein Vater und meine Mutter.;父亲;你看，这是我父亲、母亲。;L07-1-20;L07
Mund, Zähleinheit für Familienmitglieder;kǒu;Nomen / Zählwort;Wǒ jiā yǒu wǔ kǒu rén.;Meine Familie hat fünf Mitglieder.;口;我家有五口人。;L07-1-21;L07
alle;dōu;Adverb;Tāmen dōu hěn piàoliang.;Sie sind beide sehr hübsch.;都;它们都很漂亮。;L07-1-22;L07
dieses Jahr;jīnnián;Nomen;Jīnnián wǒ bàba wǔshísān suì.;Dieses Jahr ist mein Vater 53 Jahre alt.;今年;今年我爸爸五十三岁。;L07-1-23;L07
es;tā;Pronomen;Tāmen dōu hěn piàoliang.;Sie sind beide sehr hübsch.;它;它们都很漂亮。;L07-1-24;L07
Geschwister;xiōngdì jiěmèi;Nomen;Nǐ yǒu méiyǒu xiōngdì jiěmèi?;Hast du Geschwister?;兄弟姐妹;你有没有兄弟姐妹？;L07-1-25;L07
Grüße ausrichten;wènhǎo;Redewendung;Qǐng xiàng tāmen wèn hǎo!;Bitte richte ihnen Grüße aus!;问好;请向他们问好！;L07-1-26;L07
Katze;māo;Nomen;Tāmen yǒu yì zhī dà gǒu hé yì zhī xiǎo māo.;Sie haben einen großen Hund und eine kleine Katze.;猫;他们有一只大狗和一只小猫。;L07-1-27;L07
Leben;shēnghuó;Nomen;Tāmen shēnghuó de zhēn hǎo.;Sie führen wirklich ein gutes Leben.;生活;他们生活得真好。;L07-1-28;L07
Jahre (Alter);suì;Zählwort;Tā sìshísān suì.;Er ist 43 Jahre alt.;岁;他四十三岁。;L07-1-29;L07
lieben;ài;Verb;Wǒmen yě ài qù tāmen nàr hē kāfēi.;Wir gehen auch gerne zu ihnen Kaffee trinken.;爱;我们也爱去他们那儿喝咖啡。;L07-1-30;L07
machen;zuò;Verb;Nǐ bàba, māma zuò shénme gōngzuò?;Was arbeiten deine Eltern?;做;你爸爸、妈妈做什么工作？;L07-1-31;L07
Mutter;māma;Nomen;Bàba shì gōngchéngshī, māma shì xuéxiào de lǎoshī.;Mein Vater ist Ingenieur, meine Mutter ist Lehrerin.;妈妈;爸爸是工程师，妈妈是学校的老师。;L07-1-32;L07
oft;chángcháng/cháng;Adverb;… cháng lái wǒmen zhèr wánr.;… kommen oft zu uns zu Besuch.;常;常来我们这儿玩儿。;L07-1-33;L07
Vater;bàba;Nomen;Bàba shì gōngchéngshī.;Mein Vater ist Ingenieur.;爸爸;爸爸是工程师。;L07-1-34;L07
Schule;xuéxiào;Nomen;Māma shì xuéxiào de lǎoshī.;Meine Mutter ist Lehrerin an einer Schule.;学校;妈妈是学校的老师。;L07-1-35;L07
spielen;wán;Verb;… cháng lái wǒmen zhèr wánr.;… kommen oft zu uns zu Besuch und spielen hier.;玩;常来我们这儿玩儿。;L07-1-36;L07
bekommen;de;Partikel;Tāmen shēnghuó de zhēn hǎo.;Sie führen wirklich ein gutes Leben.;得;他们生活得真好。;L07-1-37;L07
weiblich, Frau;nǚ;Adjektiv / Nomen;Wǒ nǚ péngyou.;Meine Freundin.;女;我女朋友。;L07-1-38;L07
wie alt;duōdà;Fragewort;Tāmen jīnnián duō dà le?;Wie alt sind sie dieses Jahr?;多大;他们今年多大了？;L07-1-39;L07
wirklich;zhēn;Adverb;Tāmen shēnghuó de zhēn hǎo.;Sie führen wirklich ein gutes Leben.;真;他们生活得真好。;L07-1-40;L07
denken, möchten;xiǎng;Verb;Nǐ xiǎng bù xiǎng nǐ bàba, māma?;Vermisst du deine Eltern?;想;你想不想你爸爸、妈妈？;L07-1-41;L07
in Richtung;xiàng;Präposition;Qǐng xiàng tāmen wèn hǎo!;Bitte richte ihnen Grüße aus!;向;请向他们问好！;L07-1-42;L07
* Lektion 8;*Lektion 8;* Lektion 8;*Lektion 8;*Lektion 8;*Lektion 8;*Lektion 8;L08-1-00;L08
entfernt sein von;lí;Präposition;;;离;;L08-1-01;L08
gehen;zǒu;Verb;;;走;;L08-1-02;L08
Bar;jiǔbā;Nomen;;;酒吧;;L08-1-03;L08
so, auf diese Weise;nàme;Adverb;;;那么;;L08-1-04;L08
Taxi nehmen;dǎdī;Verb;;;打的;;L08-1-05;L08
fahren, öffnen;kāi;Verb;;;开;;L08-1-06;L08
Fahrrad;zìxíngchē;Nomen;;;自行车;;L08-1-07;L08
weit;yuǎn;Adjektiv;;;远;;L08-1-08;L08
fragen;wèn;Verb;;;问;;L08-1-09;L08
Fräulein;xiǎojiě;Nomen;;;小姐;;L08-1-10;L08
hinten, hinter;hòu/hòumiàn;Nomen;;;后/后面;;L08-1-11;L08
Auto;chē/qìchē;Nomen;;;车/汽车;;L08-1-12;L08
nah;jìn;Adjektiv;;;近;;L08-1-13;L08
oder;huòzhě;Konjunktion;;;或者;;L08-1-14;L08
öffentliche Toilette;gōnggòng cèsuǒ;Nomen;;;公共厕所;;L08-1-15;L08
Bus;gōngjiāochē;Nomen;;;公交车;;L08-1-16;L08
reiten, fahren (Fahrrad);qí;Verb;;;骑;;L08-1-17;L08
Taxi;chūzūchē;Nomen;;;出租车;;L08-1-18;L08
viel;duō;Adjektiv;;;多;;L08-1-19;L08
zu Fuß gehen;zǒulù;Verb;;;走路;;L08-1-20;L08
zu viel;tàiduōle;Redewendung;;;太多了;;L08-1-21;L08
zurückgehen;huí;Verb;;;回;;L08-1-22;L08
abbiegen;guǎi;Verb;;;拐;;L08-1-23;L08
draußen, außerhalb;wài/wàimiàn;Nomen;;;外/外面;;L08-1-24;L08
aussteigen;xiàchē;Verb;;;下车;;L08-1-25;L08
ankommen, bis;dào;Verb;;;到;;L08-1-26;L08
genau, eben;jiù;Adverb;;;就;;L08-1-27;L08
einsteigen;shàngchē;Verb;;;上车;;L08-1-28;L08
Linie;xiàn;Nomen;;;线;;L08-1-29;L08
links;zuǒ/zuǒbiān;Nomen;;;左/左边;;L08-1-30;L08
nach, in Richtung;wǎng;Präposition;;;往;;L08-1-31;L08
Nanjing;Nánjīng;Eigenname;;;南京;;L08-1-32;L08
neben;pángbiān;Nomen;;;旁边;;L08-1-33;L08
Osten;dōng;Nomen;;;东;;L08-1-34;L08
Zählwort (für Reihenfolge);dì;Präfix;;;第;;L08-1-35;L08
rechts;yòu/yòubiān;Nomen;;;右/右边;;L08-1-36;L08
Station, Haltestelle;zhàn;Nomen;;;站;;L08-1-37;L08
Straße, Weg;lù;Nomen;;;路;;L08-1-38;L08
Straßenkreuzung;lùkǒu;Nomen;;;路口;;L08-1-39;L08
U-Bahn;dìtiě;Nomen;;;地铁;;L08-1-40;L08
vorne;qián/qiánmiàn;Nomen;;;前/前面;;L08-1-41;L08
Westen;xī;Nomen;;;西;;L08-1-42;L08
Der Bund (in Shanghai);Wàitān;Eigenname;;;外滩;;L08-1-43;L08
* Lektion 8 Dialoge;*Lektion 8 Dialoge;* Lektion 8 Dialoge;*Lektion 8 Dialoge;*Lektion 8 Dialoge;*Lektion 8 Dialoge;*Lektion 8 Dialoge;L08-D-00;L08
Ich möchte in die Bar gehen.;Wǒ xiǎng qù jiǔbā.;;Wǒ xiǎng qù jiǔbā.;Ich möchte in die Bar gehen.;我想去酒吧。;;L08-D-01;L08
Die Bar ist nicht weit von hier. Wie kommst du dorthin?;Jiǔbā lí zhèr bù yuǎn, nǐ zěnme qù?;;Jiǔbā lí zhèr bù yuǎn, nǐ zěnme qù?;Die Bar ist nicht weit von hier. Wie kommst du dorthin?;酒吧离这儿不远，你怎么去？;;L08-D-02;L08
Ich möchte mit dem Auto oder dem Fahrrad hinfahren.;Wǒ xiǎng kāichē huòzhě qí zìxíngchē qù.;;Wǒ xiǎng kāichē huòzhě qí zìxíngchē qù.;Ich möchte mit dem Auto oder dem Fahrrad hinfahren.;我想开车或者骑自行车去。;;L08-D-03;L08
Ich nehme die U-Bahn oder den Bus.;Chéng dìtiě huòzhě zuò gōnggòng qìchē qù.;;Chéng dìtiě huòzhě zuò gōnggòng qìchē qù.;Ich nehme die U-Bahn oder den Bus.;乘地铁或者坐公共汽车去。;;L08-D-04;L08
Ich fahre nicht gern mit dem Bus.;Wǒ bù xǐhuan zuò gōngchē.;;Wǒ bù xǐhuan zuò gōngchē.;Ich fahre nicht gern mit dem Bus.;我不喜欢坐公车。;;L08-D-05;L08
In den Bussen sind die meisten Leute müde oder schlafen.;Chē lǐ de rén dàduō lè huòzhě shuìjiào.;;Chē lǐ de rén dàduō lè huòzhě shuìjiào.;In den Bussen sind die meisten Leute müde oder schlafen.;车里的人大多累或者睡觉。;;L08-D-06;L08
Dann geh doch zu Fuß hin und nimm ein Taxi zurück. Wie wäre das?;Nàme, nǐ zǒulù qù, dǎdī huí jiā, zěnme yàng?;;Nàme, nǐ zǒulù qù, dǎdī huí jiā, zěnme yàng?;Dann geh doch zu Fuß hin und nimm ein Taxi zurück. Wie wäre das?;那么，你走路去，打的回家，怎么样？;;L08-D-07;L08
Du kannst mit dem Bus hinfahren.;Nǐ kěyǐ zuò gōngchē qù.;;Nǐ kěyǐ zuò gōngchē qù.;Du kannst mit dem Bus hinfahren.;你可以坐公车去。;;L08-D-08;L08
Ich fahre nicht gern Bus.;Wǒ bù xǐhuan zuò gōngchē.;;Wǒ bù xǐhuan zuò gōngchē.;Ich fahre nicht gern Bus.;我不喜欢坐公车。;;L08-D-09;L08
Im Bus gibt es zu viele Menschen.;Gōngchē lǐ rén tài duō le.;;Gōngchē lǐ rén tài duō le.;Im Bus gibt es zu viele Menschen.;公车里人太多了。;;L08-D-10;L08
Dann geh doch zu Fuß hin, und fahr mit dem Taxi nach Hause, was meinst du?;Nàme, nǐ zǒulù qù, dǎdī huí jiā, zěnme yàng?;;Nàme, nǐ zǒulù qù, dǎdī huí jiā, zěnme yàng?;Dann geh doch zu Fuß hin, und fahr mit dem Taxi nach Hause, was meinst du?;那么，你走路去，打的回家，怎么样？;;L08-D-11;L08
* Lektion 9;*Lektion 9;* Lektion 9;*Lektion 9;*Lektion 9;*Lektion 9;*Lektion 9;L09-1-00;L09
tragen (Kleidung);chuān;Verb;;;穿;;L09-1-01;L09
gerade (Partikel);zhe;Partikel;;;着;;L09-1-02;L09
blau;lánsè;Nomen;;;蓝色;;L09-1-03;L09
Farbe;yánsè;Nomen;;;颜色;;L09-1-04;L09
Hemd;chènshān;Nomen;;;衬衫;;L09-1-05;L09
Jacke, Oberteil;shàngyī;Nomen;;;上衣;;L09-1-06;L09
Jeans;niúzǎikù;Nomen;;;牛仔裤;;L09-1-07;L09
kaufen;mǎi;Verb;;;买;;L09-1-08;L09
Kleidung;yīfu;Nomen;;;衣服;;L09-1-09;L09
wollen, brauchen;yào;Verb;;;要;;L09-1-10;L09
Pullover;máoyī;Nomen;;;毛衣;;L09-1-11;L09
Rock;qúnzi;Nomen;;;裙子;;L09-1-12;L09
rot;hóngsè;Nomen;;;红色;;L09-1-13;L09
Schuhe;xiézi;Nomen;;;鞋子;;L09-1-14;L09
schwarz;hēisè;Nomen;;;黑色;;L09-1-15;L09
T-Shirt;T xù;Nomen;;;T 恤;;L09-1-16;L09
weiß;báisè;Nomen;;;白色;;L09-1-17;L09
Zähleinheitswort für Kleidung;jiàn;Nomen;;;件;;L09-1-18;L09
Zähleinheitswort für lange Dinge (z.B. Hosen);tiáo;Nomen;;;条;;L09-1-19;L09
Sorte, Art;zhǒng;Nomen;;;种;;L09-1-20;L09
Apfel;píngguǒ;Nomen;;;苹果;;L09-1-21;L09
zu (sehr);tài;Adverb;;;太;;L09-1-22;L09
Ei;jīdàn;Nomen;;;鸡蛋;;L09-1-23;L09
einige;xiē;Zählerwort;;;些;;L09-1-24;L09
probieren, versuchen;shì yī shì;Redewendung;;;试一试;;L09-1-25;L09
Gramm;kè;Nomen;;;克;;L09-1-26;L09
Gurke;huángguā;Nomen;;;黄瓜;;L09-1-27;L09
Kilogramm;gōngjīn;Nomen;;;公斤;;L09-1-28;L09
Geschäft;shāngdiàn/diàn;Nomen;;;商店/店;;L09-1-29;L09
zwei (vor Zählwörtern);liǎng;Zählerwort;;;两;;L09-1-30;L09
Milch;niúnǎi;Nomen;;;牛奶;;L09-1-31;L09
Obst;shuǐguǒ;Nomen;;;水果;;L09-1-32;L09
grüne Paprika;qīngjiāo;Nomen;;;青椒;;L09-1-33;L09
passend, geeignet;héshì;Adjektiv;;;合适;;L09-1-34;L09
chinesisches Pfund (500 Gramm);jīn;Nomen;;;斤;;L09-1-35;L09
Dinge, Sachen;dōngxi;Nomen;;;东西;;L09-1-36;L09
suchen;zhǎo;Verb;;;找;;L09-1-37;L09
Tomate;xīhóngshì;Nomen;;;西红柿;;L09-1-38;L09
Traube;pútao;Nomen;;;葡萄;;L09-1-39;L09
Verkäufer;shòuhuòyuán;Nomen;;;售货员;;L09-1-40;L09
* Lektion 10;*Lektion 10;* Lektion 10;*Lektion 10;*Lektion 10;*Lektion 10;*Lektion 10;L10-1-00;L10
alle;dàjiā;Nomen;;;大家;;L10-1-01;L10
antworten;huídá;Verb;;;回答;;L10-1-02;L10
Bedeutung;yìsi;Nomen;;;意思;;L10-1-03;L10
sprechen, erklären;jiǎng;Verb;;;讲;;L10-1-04;L10
beenden;wán;Verb;;;完;;L10-1-05;L10
Frage, Problem;wèntí;Nomen;;;问题;;L10-1-06;L10
Respekt, Achtung;zūnjìng;Verb;;;尊敬;;L10-1-07;L10
Grammatik;yǔfǎ;Nomen;;;语法;;L10-1-08;L10
hören;tīng;Verb;;;听;;L10-1-09;L10
jeder, jede, jedes;měi;Pronomen;;;每;;L10-1-10;L10
Klassenzimmer;jiàoshì;Nomen;;;教室;;L10-1-11;L10
unterrichten;jiāo;Verb;;;教;;L10-1-12;L10
Lektionstext;kèwén;Nomen;;;课文;;L10-1-13;L10
lesen;dú;Verb;;;读;;L10-1-14;L10
Wort, Sprache;huà;Nomen;;;话;;L10-1-15;L10
schreiben;xiě;Verb;;;写;;L10-1-16;L10
chinesische Schriftzeichen;Hànzì;Nomen;;;汉字;;L10-1-17;L10
Unterricht haben;shàngkè;Redewendung;;;上课;;L10-1-18;L10
Unterricht, Stunde;kè;Nomen;;;课;;L10-1-19;L10
Satz;jù;Nomen;;;句;;L10-1-20;L10
Aussprache;fāyīn;Nomen;;;发音;;L10-1-21;L10
einfach;róngyì;Adjektiv;;;容易;;L10-1-22;L10
sich erinnern, aufschreiben;jì;Verb;;;记;;L10-1-23;L10
Fehler, falsch;cuò;Adjektiv;;;错;;L10-1-24;L10
Hochchinesisch;pǔtōnghuà;Nomen;;;普通话;;L10-1-25;L10
lang;cháng;Adjektiv;;;长;;L10-1-26;L10
fühlen, denken;juéde;Verb;;;觉得;;L10-1-27;L10
neu;xīn;Adjektiv;;;新;;L10-1-28;L10
nicht schlecht;búcuò;Adjektiv;;;不错;;L10-1-29;L10
Note, Leistung;chéngjì;Nomen;;;成绩;;L10-1-30;L10
Prüfung;kǎoshì;Nomen;;;考试;;L10-1-31;L10
relativ, vergleichen;bǐjiào;Verb;;;比较;;L10-1-32;L10
schwer;nán;Adjektiv;;;难;;L10-1-33;L10
Stunde;xiǎoshí;Nomen;;;小时;;L10-1-34;L10
Aufgabe, Thema;tí;Nomen;;;题;;L10-1-35;L10
üben, Übung;liànxí/liàn;Verb;;;练习/练;;L10-1-36;L10
verstehen;dǒng;Verb;;;懂;;L10-1-37;L10
Vokabeln;shēngcí;Nomen;;;生词;;L10-1-38;L10
warum;wèishénme;Fragewort;;;为什么;;L10-1-39;L10
wenn, falls;rúguǒ;Konjunktion;;;如果;;L10-1-40;L10
* Lektion 11;*Lektion 11;* Lektion 11;*Lektion 11;*Lektion 11;*Lektion 11;*Lektion 11;L11-1-00;L11
Basketball;lánqiú;Nomen;;;篮球;;L11-1-01;L11
Buch;shū;Nomen;;;书;;L11-1-02;L11
Disco;dísīkē;Nomen;;;迪斯科;;L11-1-03;L11
Fernsehen;diànshì;Nomen;;;电视;;L11-1-04;L11
Fußball;zúqiú;Nomen;;;足球;;L11-1-05;L11
Golf;gāo'ěrfūqiú;Nomen;;;高尔夫球;;L11-1-06;L11
Kung Fu;gōngfu;Nomen;;;功夫;;L11-1-07;L11
joggen;pǎobù;Verb;;;跑步;;L11-1-08;L11
Musik;yīnyuè;Nomen;;;音乐;;L11-1-09;L11
später, nachher;yǐhòu;Adverb;;;以后;;L11-1-10;L11
schwimmen;yóuyǒng;Verb;;;游泳;;L11-1-11;L11
singen;chànggē;Verb;;;唱歌;;L11-1-12;L11
spazieren gehen;sànbù;Verb;;;散步;;L11-1-13;L11
schlagen, spielen (Sport);dǎ;Verb;;;打;;L11-1-14;L11
Tai Chi;tàijíquán;Nomen;;;太极拳;;L11-1-15;L11
tanzen;tiàowǔ;Verb;;;跳舞;;L11-1-16;L11
Tischtennis;pīngpāngqiú;Nomen;;;乒乓球;;L11-1-17;L11
treten, kicken;tī;Verb;;;踢;;L11-1-18;L11
Unterricht beenden;xiàkè;Redewendung;;;下课;;L11-1-19;L11
während, als;...de shíhou;Redewendung;;;···的时候;;L11-1-20;L11
anfangen;kāishǐ;Verb;;;开始;;L11-1-21;L11
Sport;yùndòng;Nomen;;;运动;;L11-1-22;L11
Morgen;zǎoshang;Nomen;;;早上;;L11-1-23;L11
geht so, in Ordnung;hái kěyǐ;Redewendung;;;还可以;;L11-1-24;L11
Feierabend machen;xiàbān;Redewendung;;;下班;;L11-1-25;L11
Freizeit;yèyú shíjiān;Nomen;;;业余时间;;L11-1-26;L11
Hobby;àihào;Nomen;;;爱好;;L11-1-27;L11
Mal (ZEW für Handlungen);cì;Zählerwort;;;次;;L11-1-28;L11
natürlich, selbstverständlich;dāngrán;Adverb;;;当然;;L11-1-29;L11
an etwas interessiert sein;duì... gǎn xìngqù;Redewendung;;;对···感兴趣;;L11-1-30;L11
Tradition;chuántǒng;Nomen;;;传统;;L11-1-31;L11
Fitness;jiànshēn;Nomen;;;健身;;L11-1-32;L11
gehört haben;tīngshuō;Verb;;;听说;;L11-1-33;L11
früher, vorher;yǐqián;Adverb;;;以前;;L11-1-34;L11
wann;shénme shíhou;Fragewort;;;什么时候;;L11-1-35;L11
Wettbewerb, Spiel;bǐsài;Nomen;;;比赛;;L11-1-36;L11
arbeiten gehen;shàngbān;Redewendung;;;上班;;L11-1-37;L11
* Lektion 12;*Lektion 12;* Lektion 12;*Lektion 12;*Lektion 12;*Lektion 12;*Lektion 12;L12-1-00;L12
sich freuen auf;qīdài;Verb;;;期待;;L12-1-01;L12
erhalten;shōudào;Verb;;;收到;;L12-1-02;L12
besuchen (förmlich);guānglín;Nomen;;;光临;;L12-1-03;L12
auf Dienstreise gehen;chūchāi;Verb;;;出差;;L12-1-04;L12
einladen;yāoqǐng;Verb;;;邀请;;L12-1-05;L12
glücklich;kāixīn;Adjektiv;;;开心;;L12-1-06;L12
fröhlich, glücklich;kuàilè;Adjektiv;;;快乐;;L12-1-07;L12
Geburtstag;shēngrì;Nomen;;;生日;;L12-1-08;L12
Gesundheit;jiànkāng;Nomen;;;健康;;L12-1-09;L12
gratulieren;zhùhè/zhù;Verb;;;祝贺/祝;;L12-1-10;L12
hoffen;xīwàng;Verb;;;希望;;L12-1-11;L12
Körper, Gesundheit;shēntǐ;Nomen;;;身体;;L12-1-12;L12
lieb, geliebt;qīn'ài;Adjektiv;;;亲爱;;L12-1-13;L12
männlich, Mann;nán;Nomen;;;男;;L12-1-14;L12
Ort;dìdiǎn/dìfang;Nomen;;;地点/地方;;L12-1-15;L12
Abendveranstaltung;wǎnhuì;Nomen;;;晚会;;L12-1-16;L12
reibungslos, erfolgreich;shùnlì;Adjektiv;;;顺利;;L12-1-17;L12
sehr, äußerst;fēicháng;Adverb;;;非常;;L12-1-18;L12
teilnehmen;cānjiā;Verb;;;参加;;L12-1-19;L12
verstehen;lǐjiě;Verb;;;理解;;L12-1-20;L12
Gelegenheit, Zeitpunkt;zhījì;Präposition;;;之际;;L12-1-21;L12
Blume;huā;Nomen;;;花;;L12-1-22;L12
ZEW für Blumenstrauß;shù;Nomen;;;束;;L12-1-23;L12
eintreten;jìn;Verb;;;进;;L12-1-24;L12
peinlich berührt;bù hǎo yìsi;Redewendung;;;不好意思;;L12-1-25;L12
am meisten, der/die/das Beste;zuì;Adverb;;;最;;L12-1-26;L12
früh;zǎo;Adjektiv;;;早;;L12-1-27;L12
Geschenk;lǐwù;Nomen;;;礼物;;L12-1-28;L12
Möge alles nach Wunsch gehen;wànshì rúyì;Redewendung;;;万事如意;;L12-1-29;L12
bekommen, erhalten;dé;Verb;;;得;;L12-1-30;L12
nicht, andere;bié;Adverb;;;别;;L12-1-31;L12
roter Umschlag (Geldgeschenk);hóngbāo;Nomen;;;红包;;L12-1-32;L12
schenken, liefern;sòng;Verb;;;送;;L12-1-33;L12
sehen, treffen;jiàn;Verb;;;见;;L12-1-34;L12
plaudern, sich unterhalten;liáotiān;Verb;;;聊天;;L12-1-35;L12
sowohl... als auch;yòu... yòu...;Redewendung;;;又···又···;;L12-1-36;L12
Stuhl;yǐzi;Nomen;;;椅子;;L12-1-37;L12
Kuchen;dàngāo;Nomen;;;蛋糕;;L12-1-38;L12
verbringen, feiern;guò;Verb;;;过;;L12-1-39;L12
ZEW für Bücher;běn;Zählerwort;;;本;;L12-1-40;L12
ZEW für flache Gegenstände (z.B. Papier);zhāng;Zählerwort;;;张;;L12-1-41;L12
zuerst... dann;xiān... ránhòu...;Redewendung;;;先···然后···;;L12-1-42;L12
* Lektion 13;*Lektion 13;* Lektion 13;*Lektion 13;*Lektion 13;*Lektion 13;*Lektion 13;L13-1-00;L13
abfahren;fāchē;Verb;;;发车;;L13-1-01;L13
ankommen;dàodá;Verb;;;到达;;L13-1-02;L13
Hochgeschwindigkeitszug;dòngchē;Nomen;;;动车;;L13-1-03;L13
Erste Klasse;yīděng;Nomen;;;一等;;L13-1-04;L13
Fahrplan;shíkèbiǎo;Nomen;;;时刻表;;L13-1-05;L13
Fahrpreis;piàojià;Nomen;;;票价;;L13-1-06;L13
Betrieb, verkehren;yùnxíng;Verb;;;运行;;L13-1-07;L13
Hochgeschwindigkeitszug;gāotiě;Nomen;;;高铁;;L13-1-08;L13
Klimaanlage;kōngtiáo;Nomen;;;空调;;L13-1-09;L13
schnell;kuài;Adjektiv;;;快;;L13-1-10;L13
Schnellzug;kuàichē;Nomen;;;快车;;L13-1-11;L13
Shanghai Hongqiao;Shànghǎi Hóngqiáo;Nomen;;;上海虹桥;;L13-1-12;L13
Sitzplatz;zuòwèi;Nomen;;;座位;;L13-1-13;L13
Süden;nán;Nomen;;;南;;L13-1-14;L13
Fahrkartenverkäufer;shòupiàoyuán;Nomen;;;售票员;;L13-1-15;L13
von... bis...;cóng... dào...;Redewendung;;;从···到···;;L13-1-16;L13
Zug;huǒchē;Nomen;;;火车;;L13-1-17;L13
Zugnummer;chēcì;Nomen;;;车次;;L13-1-18;L13
Zweite Klasse;èrděng;Nomen;;;二等;;L13-1-19;L13
Schlafwagen (harte Liege);yìngwò;Nomen;;;硬卧;;L13-1-20;L13
harter Sitzplatz;yìngzuò;Nomen;;;硬座;;L13-1-21;L13
Schlafwagen (weiche Liege);ruǎnwò;Nomen;;;软卧;;L13-1-22;L13
Air China;Zhōngguó Guójì Hángkōng Gōngsī;Nomen;;;中国国际航空公司;;L13-1-23;L13
Bordkarte;dēngjīpái;Nomen;;;登机牌;;L13-1-24;L13
Economy Class;jīngjìcāng;Nomen;;;经济舱;;L13-1-25;L13
einfache Fahrt;dānchéng;Nomen;;;单程;;L13-1-26;L13
erledigen;bàn;Verb;;;办;;L13-1-27;L13
Flug;hángbān;Nomen;;;航班;;L13-1-28;L13
Flughafen;jīchǎng;Nomen;;;机场;;L13-1-29;L13
Flugzeug;fēijī;Nomen;;;飞机;;L13-1-30;L13
Formalität;shǒuxù;Nomen;;;手续;;L13-1-31;L13
Flugsteig;dēngjīkǒu;Nomen;;;登机口;;L13-1-32;L13
Gute Reise!;yīlù píng'ān;Redewendung;;;一路平安;;L13-1-33;L13
helfen;bāngzhù;Verb;;;帮助;;L13-1-34;L13
Hin- und Rückfahrt;wǎngfǎn;Nomen;;;往返;;L13-1-35;L13
an Bord gehen;dēngjī;Verb;;;登机;;L13-1-36;L13
Koffer;xiāngzi;Nomen;;;箱子;;L13-1-37;L13
München;Mùníhēi;Nomen;;;慕尼黑;;L13-1-38;L13
Reisepass;hùzhào;Nomen;;;护照;;L13-1-39;L13
Schild, Marke;páizi/pái;Nomen;;;牌子/牌;;L13-1-40;L13
Ticket;piào;Nomen;;;票;;L13-1-41;L13
Wagen;chēxiāng;Nomen;;;车厢;;L13-1-42;L13
vergleichen;bǐ;Verb;;;比;;L13-1-43;L13
* Lektion 14;*Lektion 14;* Lektion 14;*Lektion 14;*Lektion 14;*Lektion 14;*Lektion 14;L14-1-00;L14
bewölkt;yīn;Adjektiv;;;阴;;L14-1-01;L14
Smog;wùmái;Nomen;;;雾霾;;L14-1-02;L14
Frühling;chūntiān;Nomen;;;春天;;L14-1-03;L14
Grad (Temperatur);dù;Nomen;;;度;;L14-1-04;L14
hinausgehen;chū;Verb;;;出;;L14-1-05;L14
Herbst;qiūtiān;Nomen;;;秋天;;L14-1-06;L14
Jahreszeit;jìjié;Nomen;;;季节;;L14-1-07;L14
kalt;lěng;Adjektiv;;;冷;;L14-1-08;L14
lachen;xiào;Verb;;;笑;;L14-1-09;L14
Temperatur;qìwēn;Nomen;;;气温;;L14-1-10;L14
Regen/es regnet;yǔ/xiàyǔ;Nomen / Verb;;;雨/下雨;;L14-1-11;L14
schweben;piāo;Verb;;;飘;;L14-1-12;L14
fotografieren;zhào;Verb;;;照;;L14-1-13;L14
Schnee/es schneit;xuě/xiàxuě;Nomen / Verb;;;雪/下雪;;L14-1-14;L14
Sommer;xiàtiān;Nomen;;;夏天;;L14-1-15;L14
Sonne;tàiyáng;Nomen;;;太阳;;L14-1-16;L14
heiß;rè;Adjektiv;;;热;;L14-1-17;L14
Wetter;tiānqì;Nomen;;;天气;;L14-1-18;L14
Wind/es weht der Wind;fēng/guāfēng;Nomen / Verb;;;风/刮风;;L14-1-19;L14
Winter;dōngtiān;Nomen;;;冬天;;L14-1-20;L14
Wolke;yún;Nomen;;;云;;L14-1-21;L14
gestern;zuótiān;Nomen;;;昨天;;L14-1-22;L14
gleich;yíyàng;Adverb;;;一样;;L14-1-23;L14
Große Mauer;Chángchéng;Nomen;;;长城;;L14-1-24;L14
heiter;qíng;Adjektiv;;;晴;;L14-1-25;L14
hoch;gāo;Adjektiv;;;高;;L14-1-26;L14
Hainan Insel;Hǎinán Dǎo;Nomen;;;海南岛;;L14-1-27;L14
letztes Jahr;qùnián;Nomen;;;去年;;L14-1-28;L14
unter Null;língxià;Adjektiv;;;零下;;L14-1-29;L14
niedrig;dī;Adjektiv;;;低;;L14-1-30;L14
Norden;běifāng;Nomen;;;北方;;L14-1-31;L14
obwohl... aber...;suīrán... dànshì...;Redewendung;;;虽然···但是···;;L14-1-32;L14
Postkarte;míngxìnpiàn;Nomen;;;明信片;;L14-1-33;L14
reisen;lǚyóu;Verb;;;旅游;;L14-1-34;L14
sich drehen;zhuǎn;Verb;;;转;;L14-1-35;L14
schwer, schlimm;lìhai;Adjektiv;;;厉害;;L14-1-36;L14
Süden;nánfāng;Nomen;;;南方;;L14-1-37;L14
ungefähr, etwa;zuǒyòu;Adverb;;;左右;;L14-1-38;L14
Vorhersage;yùbào;Nomen;;;预报;;L14-1-39;L14
können, werden;huì;Verb;;;会;;L14-1-40;L14
bald...;yào... le;Redewendung;;;要···了;;L14-1-41;L14
wieder, noch;yòu;Adverb;;;又;;L14-1-42;L14
* Lektion 15;*Lektion 15;* Lektion 15;*Lektion 15;*Lektion 15;*Lektion 15;*Lektion 15;L15-1-00;L15
Arm;gēbo;Nomen;;;胳膊;;L15-1-01;L15
Arzt;yīshēng;Nomen;;;医生;;L15-1-02;L15
aufstehen;qǐchuáng;Verb;;;起床;;L15-1-03;L15
Bauch;dùzi;Nomen;;;肚子;;L15-1-04;L15
Bein;tuǐ;Nomen;;;腿;;L15-1-05;L15
Durchfall haben;lādùzi;Verb;;;拉肚子;;L15-1-06;L15
sich übergeben;ǒutù;Verb;;;呕吐;;L15-1-07;L15
Fieber haben;fāshāo;Verb;;;发烧;;L15-1-08;L15
Fuß;jiǎo;Nomen;;;脚;;L15-1-09;L15
Hals, Kehle;sǎngzi;Nomen;;;嗓子;;L15-1-10;L15
Hand;shǒu;Nomen;;;手;;L15-1-11;L15
Taille, Rücken;yāo;Nomen;;;腰;;L15-1-12;L15
husten;késou;Verb;;;咳嗽;;L15-1-13;L15
Knie;xīgài;Nomen;;;膝盖;;L15-1-14;L15
Kopf;tóu;Nomen;;;头;;L15-1-15;L15
Krankheit/krank werden;bìng/shēngbìng;Nomen / Verb;;;病/生病;;L15-1-16;L15
Rücken;bèi;Nomen;;;背;;L15-1-17;L15
schmerzen;téng;Verb;;;疼;;L15-1-18;L15
Schulter;jiānbǎng;Nomen;;;肩膀;;L15-1-19;L15
fühlen;gǎndào;Verb;;;感到;;L15-1-20;L15
bequem, sich wohlfühlen;shūfu;Adjektiv;;;舒服;;L15-1-21;L15
wenig;shǎo;Adjektiv;;;少;;L15-1-22;L15
andere;biéde;Adjektiv;;;别的;;L15-1-23;L15
sich ausruhen;xiūxi;Verb;;;休息;;L15-1-24;L15
erkältet sein;gǎnmào;Verb;;;感冒;;L15-1-25;L15
gerade (machen);zhèngzài/zài;Adverb;;;正在/在;;L15-1-26;L15
gesund werden;huīfù jiànkāng;Verb;;;恢复健康;;L15-1-27;L15
öffnen;kāi;Verb;;;开;;L15-1-28;L15
Kollege;tóngshì;Nomen;;;同事;;L15-1-29;L15
Krankenhaus;yīyuàn;Nomen;;;医院;;L15-1-30;L15
Krankheitsurlaub;bìngjià;Nomen;;;病假;;L15-1-31;L15
Medizin;yào;Nomen;;;药;;L15-1-32;L15
Boden, Ort;dì;Nomen;;;地;;L15-1-33;L15
gegenüber, für;duì;Präposition;;;对;;L15-1-34;L15
schlafen;shuìjiào;Verb;;;睡觉;;L15-1-35;L15
um Urlaub/Krankheit bitten;qǐngjià/qǐngjiàtiáo;Nomen;;;请假/请假条;;L15-1-36;L15
sich entzünden;fāyán;Nomen;;;发炎;;L15-1-37;L15
lassen, zulassen;ràng;Verb;;;让;;L15-1-38;L15
frühzeitig;zǎorì;Adverb;;;早日;;L15-1-39;L15
möglich;kěnéng;Adjektiv;;;可能;;L15-1-40;L15
waschen;xǐ;Verb;;;洗;;L15-1-41;L15
ZEW für längliche Dinge (z.B. Fisch);tiáo/tiáozi;Zählerwort;;;条/条子;;L15-1-42;L15
ZEW für Körner;lì;Zählerwort;;;粒;;L15-1-43;L15
* Lektion 16;*Lektion 16;* Lektion 16;*Lektion 16;*Lektion 16;*Lektion 16;*Lektion 16;L16-1-00;L16
vorbereiten;zhǔnbèi;Verb;;;准备;;L16-1-01;L16
schicken;fā;Verb;;;发;;L16-1-02;L16
bequem, praktisch;fāngbiàn;Adjektiv;;;方便;;L16-1-03;L16
brauchen, benötigen;xūyào;Verb;;;需要;;L16-1-04;L16
Büro;bàngōngshì;Nomen;;;办公室;;L16-1-05;L16
Computer;diànnǎo;Nomen;;;电脑;;L16-1-06;L16
Drucker;dǎyìnjī;Nomen;;;打印机;;L16-1-07;L16
durchgehen;tōngguò;Verb;;;通过;;L16-1-08;L16
E-Mail;diànzǐ yóujiàn;Nomen;;;电子邮件;;L16-1-09;L16
manche;yǒude;Adjektiv;;;有的;;L16-1-10;L16
für;wèi;Präposition;;;为;;L16-1-11;L16
Hallo? (am Telefon);wèi;Interjektion;;;喂;;L16-1-12;L16
Handy;shǒujī;Nomen;;;手机;;L16-1-13;L16
Information, Nachricht;xìnxī;Nomen;;;信息;;L16-1-14;L16
ins Internet gehen;shàngwǎng;Verb;;;上网;;L16-1-15;L16
Internet;hùliánwǎng;Nomen;;;互联网;;L16-1-16;L16
Telefon;diànhuà;Nomen;;;电话;;L16-1-17;L16
telefonieren;dǎ diànhuà;Verb;;;打电话;;L16-1-18;L16
Tisch;zhuōzi;Nomen;;;桌子;;L16-1-19;L16
senden;chuánsòng;Verb;;;传送;;L16-1-20;L16
weil... daher...;yīnwèi... suǒyǐ...;Redewendung;;;因为···所以···;;L16-1-21;L16
Adresse;dìzhǐ;Nomen;;;地址;;L16-1-22;L16
vorbeigehen;guò;Verb;;;过;;L16-1-23;L16
Dokument;wénjiàn;Nomen;;;文件;;L16-1-24;L16
E-Mail-Adresse;diànzǐ yóuxiāng;Nomen;;;电子邮箱;;L16-1-25;L16
Frau;nǚshì;Nomen;;;女士;;L16-1-26;L16
Glück;xìngfú;Nomen;;;幸福;;L16-1-27;L16
Harmonie;héxié;Nomen;;;和谐;;L16-1-28;L16
herunterladen;xiàzǎi;Verb;;;下载;;L16-1-29;L16
während (einer Zeit);zài... qījiān;Präposition;;;在···期间;;L16-1-30;L16
ins Heimatland zurückkehren;huíguó;Verb;;;回国;;L16-1-31;L16
Nachrichten;xīnwén;Nomen;;;新闻;;L16-1-32;L16
nächstes Jahr;míngnián;Nomen;;;明年;;L16-1-33;L16
nicht nur... sondern auch...;bùdàn... érqiě...;Redewendung;;;不但···而且···;;L16-1-34;L16
ordnen;zhěnglǐ;Verb;;;整理;;L16-1-35;L16
danken;gǎnxiè;Verb;;;感谢;;L16-1-36;L16
sich treffen;jiànmiàn;Verb;;;见面;;L16-1-37;L16
übersetzen;fānyì;Verb;;;翻译;;L16-1-38;L16
Werbung;guǎnggào;Nomen;;;广告;;L16-1-39;L16
äußern, anzeigen;biǎoshì;Verb;;;表示;;L16-1-40;L16
kooperieren;hézuò;Nomen;;;合作;;L16-1-41;L16
